광림동,음식/카페,아미송,643-1067,광무1길 23 (광림동)
광림동,패션,미인나라스포츠,641-6766," 한재로 184, (광무동)"
광림동,마트,대덕슈퍼,642-8812," 광무7길 2, (광무동)"
광림동,주유/가스,봉강주유소,643-9966," 한재로 118, (광무동)"
광림동,생활,그랑프리카센타,642-7276," 좌수영로 149, (광무동)"
광림동,생활,천년여성사우나,653-0018," 오림3길 6, (오림동)"
광림동,인테리어,SASA&톰과제리,654-3363," 좌수영로 311, (오림동)"
광림동,주유/가스,대창E&T여수주유소,653-1916," 좌수영로 348, (오림동)"
광림동,생활,고려카오디오,643-0031," 좌수영로 199, (광무동)"
광림동,마트,(주)이마트여수점,650-1063,좌수영로 277 (오림동)
광림동,마트,명동슈퍼,652-3943," 오림2길 5, (오림동)"
광림동,이미용,부영이용원,652-6857," 오림3길 19-1, (오림동)"
광림동,음식/카페,계수나무식당,653-3829," 오림3길 15, (오림동)"
광림동,전자제품,유로통신,652-7000," 오림1길 1, (오림동)"
광림동,생활,고려화원,643-2676," 좌수영로 63, (광무동)"
광림동,마트,두산여수상사,642-6737," 좌수영로 193-1, (광무동)"
광림동,마트,고흥슈퍼,641-7184," 광무3길 42, (광무동)"
광림동,생활,르노삼성자동차여수정비소,652-5442,좌수영로 284 (오림동)
광림동,음식/카페,제흥식당,642-0754," 좌수영로 59, (광무동)"
광림동,레저/취미,서울낚시사,643-4339," 좌수영로 195-1, (광무동)"
광림동,마트,보부상사,654-3030," 좌수영로 249, (오림동)"
광림동,마트,삼웅상사,653-1417," 오림3길 12-12, (오림동)"
광림동,생활,형제광고나염,642-0798," 좌수영로 138, (연등동)"
광림동,음식/카페,처갓집양념통닭,643-1896," 광무1길 3-1, (광무동)"
광림동,패션,협립양산,643-3626, 광무동 292-2
광림동,이미용,라라미용실,643-0703," 광무5길 3, (광무동)"
광림동,건강,숯과사람,641-0057," 좌수영로 21, (광무동)"
광림동,패션,소이 여수교동점,0,"통제영3길 10, 1층 (교동)1층"
광림동,음식/카페,진남체육공원식당,061-653-7074,진남체육관길 29 (오림동)
국동,식품/청과,건어물중매인75호(고흥상회),643-1794,봉산동 100-5 수협공판장내
국동,마트,라인마트,641-1408," 구봉길 79, 1차 113호 (국동, 라인상가)"
국동,마트,시영연쇄점,642-8748," 구봉길 31, 1-4호 (국동, 구봉상가)"
국동,식품/청과,뚜레쥬르(여수국동점),642-3927, 신월로 677 (국동)
국동,마트,스마일마트,643-0012, 어항로 6 (국동)
국동,마트,스타마트,643-9060," 신월로 655(국동,서희스타힐스@단지내상가B동2층201호)"
국동,식품/청과,선경수산,641-0771," 국포1로 7, (국동)"
국동,마트,신세계마트,643-6645, 신월로 709(국동)
국동,마트,중앙마트,641-7654," 구봉산길 48, 2층 (국동, 중앙제상가동지하)"
국동,마트,(주)롯데마트여수점,640-2527,(59761) 국포1로 36 (국동)
국동,마트,DC백화점,641-2681," 신월로 689, (국동)"
국동,식품/청과,주)우리들수산,642-1771," 국동남9길 21, (국동)"
국동,마트,고은마트,643-1569, 국동 주공A상가101
국동,음식/카페,잠수기회타운,640-2041," 어항단지로 13, (국동)"
국동,마트,농협국동지소,644-6161," 신월로 626, (국동)"
국동,식품/청과,상호유통,643-9232," 신월로 687, (국동)"
국동,주유/가스,구봉가스㈜,642-2033,국동남9길 14(국동)
국동,문구,온누리팬시,642-8283," 신월로 688, (국동)"
국동,정육,황소마을정육점,642-9901," 구봉산길 7-2, (국동)"
국동,생활,진주보석원,643-8876," 신월로 676, (국동)"
국동,주유/가스,국동주유소,641-5159," 신월로 725, (국동)"
남면,음식/카페,본동주점,665-9513, 남면 내외진길 23
남면,음식/카페,돋을볕,665-9632, 남면 장지해안길 25
남면,음식/카페,명가식당명가모텔,665-9520, 남면 내외진길 6-1
남면,마트,OK슈퍼,665-9549, 남면 우학리 685
남면,음식/카페,중앙식당,665-1212, 남면 내외진길 14-1
남면,음식/카페,우리식당,665-5045, 남면 우학리 693
남면,마트,여수농협남면지점,665-9705, 남면 내외진길 24
남면,음식/카페,상록수식당,665-9506, 남면 내외진안길 24-4
남면,음식/카페,여남식당,665-9546, 남면 우학리 189
대교동,식품/청과,희경상회,," 봉산2로 8, (봉산동)"
대교동,식품/청과,진영수산,642-2711," 남산로 60-21, (남산동)"
대교동,마트,대박할인마트,641-7860," 남산로 60-2, (남산동)"
대교동,음식/카페,소선우숯불갈비,642-9254," 봉산1로 33, (봉산동)"
대교동,레저/취미,노다지복권방,643-3233," 봉산1로 12, (봉산동)"
대교동,음식/카페,하림멕시칸,641-4976," 봉산1로 11, (봉산동)"
대교동,생활,보은해수탕,642-8118," 봉산남3길 23-8, (봉산동)"
대교동,생활,여남기타공업사,643-6740,남산로 113 (남산동)
대교동,식품/청과,우리맛김치,642-7772," 남산로 60-2, (남산동)"
대교동,식품/청과,고흥미곡,642-1955, 남산동 1165-11
대교동,건강,남산건강원,642-2675," 남산북9길 20-1, (남산동)"
대교동,음식/카페,선미횟집,641-8737," 남산북9길 12, (남산동)"
대교동,생활,정우세탁뱅크,642-0018," 남산북6길 2, (남산동)"
대교동,인테리어,영진씽크,642-3150,남산로 113 (남산동)
대교동,생활,영신3급카센타,641-0290," 봉산2로 7, (봉산동)"
대교동,식품/청과,창성청과,642-5319," 봉산남4길 14, (봉산동)"
대교동,음식/카페,연육교OB에어,643-8412," 대교로 9-1, (봉산동)"
대교동,음식/카페,대진식당,642-8094," 봉산남1길 9, (봉산동)"
대교동,마트,성창종합상사,641-2560," 어항로 47, (봉산동)"
대교동,생활,금강장,641-2889," 봉산남2길 23-2, (봉산동)"
대교동,공구/페인트,구봉건재,642-3353," 신월로 724, (봉산동)"
대교동,건강,경호약방,642-6560," 봉산남1길 23-6, (봉산동)"
대교동,마트,정희슈퍼,642-8074," 대교로 33, (봉산동)"
대교동,음식/카페,당머리횟집,641-4602," 어항단지로 222-28, (남산동)"
대교동,패션,국동체육사,643-1439," 대교로 62, (봉산동)"
대교동,건강,임약국,642-0898, 봉산동 869-3
대교동,음식/카페,산골식당,642-3455," 봉산1로 24, (봉산동)"
대교동,문구,성실종합사무기구,642-6505," 신월로 771-1, (봉산동)"
대교동,이미용,봉산이용원,642-7250," 봉산벅수길 11-1, (봉산동)"
대교동,마트,대한슈퍼,643-1419," 봉산남2길 6, (봉산동)"
대교동,음식/카페,구봉식당,643-9631," 봉산남4길 7, (봉산동)"
대교동,음식/카페,갯마을장어탕,643-2477," 봉산남3길 16, (봉산동)"
대교동,주유/가스,(유)영신유통,641-3030," 신월로 762, (봉산동)"
대교동,식품/청과,동화수산,663-7311," 어항단지로 218, (봉산동)"
대교동,음식/카페,동정유통,,"봉산벅수길 11-2, 202호, 동정유통 (봉산동)202호, 동정유통"
돌산읍,생활,바다가있는풍경,644-5222,돌산읍 향일암로 82
돌산읍,마트,GS25여수향일암점,644-3302,돌산읍 향일암로 70-3
돌산읍,음식/카페,초원횟집,644-7939,돌산읍 향일암로 70-9
돌산읍,음식/카페,제일가든,644-1671,돌산읍 돌산로 1208-6
돌산읍,마트,삼거리상회,644-2443, 돌산로 2868
돌산읍,음식/카페,정현횟집,644-8213, 돌산읍 계동해안길 39-7
돌산읍,마트,여수농협죽포지점,644-2186, 돌산읍 돌산로 2100
돌산읍,마트,여수농협우두지점,644-6012,돌산읍 강남4길 55
돌산읍,마트,DC백화점청솔점,644-3005," 돌산읍 강남동로 46-21, (청솔2차 상가)"
돌산읍,식품/청과,부녀회갓김치부녀회매점,644-5300, 돌산읍 향일암로 70
돌산읍,주유/가스,골드주유소,644-6006, 돌산읍 돌산로 3519
돌산읍,마트,신명마트,644-5808, 돌산읍 강남동로 45
돌산읍,마트,청솔마트,644-2568, 돌산읍 강남8길 23
돌산읍,마트,만나수산물할인마트,644-1116, 돌산읍 평사로 239
돌산읍,마트,여수농협돌산지점하나로마트,644-1181, 돌산읍 방답길 45
돌산읍,음식/카페,죽포식당,644-3017, 돌산읍 돌산로 2112-18
돌산읍,음식/카페,거북횟집,644-9081, 돌산읍 향일암로 70-14
돌산읍,정육,현대정육점,644-0202, 돌산읍 방답길 46
돌산읍,식품/청과,돌산갓영농조합법인,644-0636,돌산읍 두문포길 6
동문동,생활,다솜컴퓨터세탁소,664-5447, 관문1길 18 (관문동)
동문동,생활,깔끄미세탁,664-9800, 관문1길 13(관문동)
동문동,마트,동아마트,662-3089," 동문로 63, (관문동)"
동문동,마트,우리할인마트,663-1800," 이순신광장로 201, (종화동)"
동문동,음식/카페,동정횟집,662-6395," 하멜로 11-2, (관문동)"
동문동,음식/카페,묵찌빠스넥,665-3412," 동문로 69, (관문동)"
동문동,마트,미니마트,663-3003," 동문로 62, (관문동)"
동문동,식품/청과,관문감로청과물백화점,662-0908," 동문로 70, (관문동)"
동문동,마트,DC백화점,662-1020," 동문로 70-1, (관문동)"
동문동,패션,아담제화,662-0575, 관문동 391
동문동,음식/카페,싱글벙글,663-8797," 관문1길 15, (관문동)"
동문동,문구,센스문구,664-1476," 관문1길 7, (관문동)"
동문동,음식/카페,준오식당,664-0991," 하멜로 96-7, (종화동)"
동문동,이미용,동성이용원,663-1792," 관문1길 11, (관문동)"
동문동,정육,동정정육점,663-0976," 하멜로 9-5, (관문동)"
동문동,정육,88정육점,664-5235," 관문2길 15-5, (관문동)"
동문동,생활,무지개레코드,662-7791," 관문서4길 11-10, (관문동)"
동문동,이미용,텔런트헤어라인,665-8724," 관문4길 3, (관문동)"
동문동,마트,한아름마트,663-5818," 관문2길 11, (관문동)"
동문동,음식/카페,우리회관,665-3131," 동문로 84, (관문동)"
동문동,음식/카페,선옥식당,662-5048," 동문로 84-3, (관문동)"
동문동,이미용,양금기헤어클럽,666-0262," 동문로 33-1, (관문동)"
동문동,음식/카페,처갓집양념통닭,662-8430," 관문2길 5, (관문동)"
동문동,음식/카페,수궁반점,664-4285,관문3길 2-1 (관문동)
동문동,마트,곡성미곡상회,665-9185," 동문로 43-1, (관문동)"
동문동,생활,메아리음악사,662-4066," 동문로 55-1, (관문동)"
동문동,문구,보람문구사,665-9185," 동문로 43-1, (관문동)"
동문동,마트,세븐마트,662-0308," 종화서1길 20, (종화동)"
동문동,음식/카페,안성식당,662-1755," 동문로 55, (관문동)"
동문동,마트,여수마트,061-662-8812,동문로 67-1 (관문동)
둔덕동,마트,청과슈퍼,652-1133,쌍봉로 370 (둔덕동)
둔덕동,마트,신원마트,654-9910,"둔덕1길 14, 상가101호(둔덕동, 신원아르시스아파트)"
둔덕동,마트,올할인마트,655-0902, 만성로 22-1(둔덕동)
둔덕동,주유/가스,동방주유소,652-5851," 좌수영로 537, (둔덕동)"
둔덕동,음식/카페,이바돔감자탕둔덕점,654-3330," 쌍봉로 353, (둔덕동)"
둔덕동,레저/취미,선경볼링장,652-6464, 만성로 19 (둔덕동)
둔덕동,음식/카페,한국워터텍,654-3060," 좌수영로 454, (둔덕동)"
둔덕동,마트,LH마트,651-5449, 둔덕동 주공상가101호
둔덕동,마트,청과수퍼,652-1133," 쌍봉로 366, (둔덕동, 중앙하이츠상가)"
둔덕동,생활,하이츠부분정비,652-2026, 둔덕동 434-4
둔덕동,마트,한독상회,651-5006," 둔덕5길 7-2, (둔덕동)"
둔덕동,생활,성심화원,653-4772,둔덕5길 7 (둔덕동)
둔덕동,인테리어,여수시몬스,653-8200,"좌수영로 471, . (둔덕동)."
둔덕동,문구,알록달록 문구점,061-810-3716,"상암로 8, 상가동 1층 105호 (둔덕동)상가동 1층 105호"
둔덕동,주유/가스,둔덕LPG충전소,061-652-2121,좌수영로 617 (둔덕동)
만덕동,레저/취미,주식회사 영천레포츠,666-2626,"박람회길 1 (덕충동,스카이플라이)"
만덕동,음식/카페,덕충아구찜,662-5484,"덕충3길 6, 상가 101호(덕충동, 성학아파트)"
만덕동,음식/카페,미스터푸드,070-4216-2012,"박람회길 1, 국제관 D동 107(덕충동)"
만덕동,생활,까치광고사,653-7218, 만성로 405(만흥동)
만덕동,마트,만흥상회,654-3319, 만흥1길 31-1(만흥동)
만덕동,마트,엑스포할인마트,662-3030," 박람회길 61, 상가105~106호(덕충동,엑스포힐스테이트)"
만덕동,식품/청과,㈜전라도백서방김치,655-1231," 망양로 455, (만흥동)"
만덕동,음식/카페,가든횟집,651-9323," 만흥3길 36, (만흥동)"
만덕동,생활,신광자동차공업,651-8612," 만성로 184-19, (만흥동)"
만덕동,음식/카페,남도식당,651-9764," 오천3길 31, (오천동)"
만덕동,음식/카페,신미락횟집,651-8696," 오천3길 53, (오천동)"
만덕동,마트,바닷가담뱃집,651-9703," 오천2길 62, (오천동)"
만덕동,마트,만흥슈퍼,651-9321," 만흥2길 5-1, (만흥동)"
만덕동,음식/카페,덕충반점,662-3561," 충민로 172, (덕충동)"
만덕동,마트,대창쇼핑,662-7950," 충민로 169, (덕충동)"
만덕동,정육,대창정육점,663-5551," 충민로 169, (덕충동)"
만덕동,음식/카페,해변의집,651-9375, 만흥동 99-1
만덕동,음식/카페,갈매기횟집,651-8869," 만성리길 37, (만흥동)"
만덕동,음식/카페,비비큐,665-9233, 덕충동 성학A상가
만덕동,음식/카페,하이몬드제과점,662-4264, 덕충동 성학A상가
만덕동,문구,바른손팬시,664-4014, 덕충동 태창A상가
만덕동,식품/청과,오천산업,651-9409," 망양로 449, (만흥동)"
만덕동,생활,바다모텔,654-3333," 망양로 213-2, (만흥동)"
만덕동,마트,(주)어울림식자재마트,663-0033,"박람회길 30, . (덕충동)."
만덕동,마트,(주)세연-어울림식자재마트,061-663-0033,"박람회길 30, (주)세연 (덕충동)(주)세연"
만덕동,음식/카페,미가칼국수,061-642-7666,박람회길 23-10 (덕충동)
만덕동,이미용,원경미용실,061-663-5435,덕충2길 68-12 (덕충동)
묘도동,마트,광양포새마을,685-0879, 묘도7길 212(묘도동)
묘도동,음식/카페,왕대박식당,686-4632, 묘도2길 24-4(묘도동)
묘도동,마트,모미가게,685-6832, 묘도12길 33-1(묘도동)
묘도동,식품/청과,묘도해산물,686-7829, 묘도9길 316(묘도동)
묘도동,음식/카페,웰컴투도독골,685-3394, 묘도8길 151-7(묘도동)
묘도동,마트,여천농협묘도지점,686-3336," 묘도1길 56, (묘도동)"
묘도동,음식/카페,스마일식당,685-6172,묘도1길 78(묘도동)
묘도동,마트,해광슈퍼,685-3207,묘도1길 1-1(묘도동)
문수동,음식/카페,커피생각 협동조합,651-2331,"여문2로 15, 상가동 207호(문수동, 주공아파트)"
문수동,식품/청과,교동수산식품,664-6551,교동시장4길 13-1 (교동)
문수동,마트,쿱스토어문수점자연드림,654-6245,문수로 35(문수동)
문수동,식품/청과,태진유통,652-4112,문수7길 33-3(문수동)
문수동,음식/카페,다다한정식,652-0061, 문수동 284-9
문수동,정육,선진포크프라자(문수점),655-2202, 여문2로 117(여서동)
문수동,음식/카페,황후갈비,654-3392," 문수로 32, (문수동)"
문수동,마트,㈜롯데슈퍼여수문수점,," 여문2로 73, B3호 (문수동, 코아상가)"
문수동,문구,고향문구사,663-7240,문수6길 49 (문수동)
문수동,마트,엑스포마트,652-8324," 여문2로 61, 2층 201호 (문수동, 부영9차상가)"
문수동,마트,DC백화점(부영점),651-4493," 여문2로 70, (문수동)"
문수동,마트,문수주공슈퍼,652-4043," 여문2로 11-10, (문수동)"
문수동,생활,금호타이어여수대리점,652-0984," 여서로 123, (문수동)"
문수동,마트,문수상명마트,651-1118," 문수로 22, (문수동)"
문수동,마트,효성할인마트(문수점,651-4545," 여문2로 6-3, (문수동)"
문수동,교육/도서,뿌리서점,653-7946," 여문2로 149, (문수동)"
문수동,마트,여수농협본점,653-6040," 좌수영로 355, (문수동)"
문수동,마트,DC할인마켓,653-3060," 문수로 22, (문수동)"
문수동,이미용,쟈스민종합화장,653-7485," 문수로 151-1, (문수동)"
문수동,마트,문수홈마트,653-6588," 여문2로 11-10, (문수동)"
문수동,마트,엑스포할인마트,652-8324, 문수동 부영9차상가
문수동,이미용,하늘미용실,653-1934," 문수북6길 23-1, (문수동)"
문수동,음식/카페,만리성,654-1080," 여문2로 73, (문수동)"
문수동,이미용,미다듬헤어라인,652-7906," 허문정1길 57-2, (문수동)"
문수동,주유/가스,동남석유,654-5599," 여문문화2길 63, (문수동)"
문수동,음식/카페,해태스넥,653-9972," 문수로 82, (문수동)"
문수동,음식/카페,아성전기,651-8018," 문수로 95-1, (문수동)"
문수동,음식/카페,맥시칸양념치킨,651-3385," 문수북5길 13-1, (문수동)"
문수동,음식/카페,산수갈비,652-8486," 여문문화길 46, (문수동)"
문수동,인테리어,진영전기조명,651-6031," 문수로 91, (문수동)"
문수동,패션,88체육사,653-8876," 문수로 142-3, (문수동)"
문수동,정육,용담정육점,653-2508," 문수북6길 25-2, (문수동)"
문수동,주유/가스,여문주유소,651-5333," 문수로 79, (문수동)"
문수동,음식/카페,별미정,654-3575," 여서로 115, (문수동)"
문수동,생활,오월의향기,652-4236," 문수로 43, (문수동)"
문수동,생활,코아스튜디오,653-7005," 여문2로 81, (문수동)"
문수동,건강,샘골건강원,652-4349," 여문2로 73, (문수동)"
문수동,음식/카페,금복식당,653-7953," 문수8길 7, (문수동)"
문수동,음식/카페,아구촌,652-7951," 여문문화길 18, (문수동)"
문수동,음식/카페,원조아구가든,651-1564," 여문문화길 16, (문수동)"
문수동,생활,두꺼비부분정비공업사,651-3255," 여서로 112, (문수동)"
문수동,전자제품,엘지전자문수대리점,651-0766," 문수로 147-1, (문수동)"
문수동,생활,럭키포토스튜디오,651-3883," 문수로 164, (문수동)"
문수동,음식/카페,파티랜드,654-4455," 여문1로 85, (문수동)"
문수동,생활,뉴코아사우나,654-0600," 여문2로 73, (문수동)"
문수동,마트,축협문수동지소,651-3391," 문수로 164, (문수동)"
문수동,마트,DC백화점,653-6969," 문수로 147, (문수동)"
문수동,생활,예진꽃방,666-1622," 여서로 139, (문수동)"
문수동,공구/페인트,㈜하늘산업,654-6615," 여서로 113, (문수동)"
문수동,주유/가스,대진주유소,651-5188," 문수로 1, (문수동)"
문수동,인테리어,리바트키즈 여수점,654-8818,"좌수영로 307, . (오림동)."
문수동,인테리어,어린이 가구 전문점,921-9201,"(59714) 좌수영로 307, . (오림동)."
문수동,인테리어,CASAMIA,652-9150,(59703) 문수로 29 (문수동)
문수동,레저/취미,삼천리자전거 여서점,061-651-3002,문수로 71 (문수동)삼천리자전거 여수점
문수동,식품/청과,유한회사 수정 여수지점,061-654-1113,"여서로 143, 유한회사 수정 여수지점 (문수동)"
문수동,생활,에이스침대 여수점,,"좌수영로 337, 에이스침대 여수점 (문수동)"
문수동,음식/카페,아구회관,061-652-9243,여문문화2길 13 (문수동)
문수동,음식/카페,미리내식당,061-651-9984,문수5길 36-1 (문수동)
문수동,음식/카페,수라간장어,061-651-9966,문수5길 8-1 (문수동)
문수동,생활,이브자리,061-655-2979,좌수영로 339 (문수동)
문수동,식품/청과,국가대표 푸줏간,061-692-5852,웅천중앙로 69 (웅천동)
미평동,음식/카페,사오정선어,654-0625, 미평3길 32 (미평동)
미평동,음식/카페,칠우불고기,653-3342, 미평9길 20-1 (미평동)
미평동,이미용,은빛헤어샵,653-5488," 미평로 79, 207호 (미평동, 주공상가)"
미평동,음식/카페,신포우리만두미평점,654-3000, 대학로 41-1 (미평동)
미평동,마트,여수마트,651-4131, 미평9길 17 (미평동)
미평동,생활,성화플라워,651-4761, 양지1길 10 (미평동)
미평동,생활,전대안경,654-3020,"대학로 46, 상가1층 109호(미평동, 선경1차아파트상가)"
미평동,마트,여수농협로컬푸드직매장,654-8883,만성로 78 (미평동)
미평동,주유/가스,양지주유소,651-4044, 만성로 80(미평동)
미평동,마트,019마트미평점,652-5588," 미평로 77, 102호 (미평동, 주공아파트 상가)"
미평동,마트,제이마트,651-6751," 만성로 66, (미평동)"
미평동,마트,롯데슈퍼여수미평점,," 미평로 64, (미평동, 시티파크상가)"
미평동,마트,하예할인마트,652-3225," 만성로 104, (미평동)"
미평동,인테리어,미평종합사무가구할인매장,651-5942," 미평남1길 55, (미평동)"
미평동,생활,백제자동차공업사,652-8080," 만성로 78, (미평동)"
미평동,생활,여수식물원,653-1414," 좌수영로 377, (미평동)"
미평동,생활,봉화식물원,651-2352," 미평로 23, (미평동)"
미평동,인테리어,여수종합장식,652-7371," 미평로 52, (미평동)"
미평동,마트,DC 백화점,654-1995," 미평로 48, (미평동)"
미평동,정육,백설정육점,651-6674, 미평동 주공 3차상가108
미평동,음식/카페,삼오식당,651-5830," 둔덕2길 6-3, (미평동)"
미평동,생활,삼성탕,652-5045," 미평로 53-1, (미평동)"
미평동,정육,복돼지,653-7886, 미평동 284-114
미평동,음식/카페,맛나마차,653-0956," 미평로 48, (미평동)"
미평동,마트,선경하이퍼마켓,653-9950," 대학로 32, (미평동)"
미평동,주유/가스,삼려가스,652-8219," 미평남1길 55, (미평동)"
미평동,생활,대한카전장,653-4747," 좌수영로 411, (미평동)"
미평동,생활,스마트안경원,653-4251," 미평10길 1-1, (미평동)"
미평동,마트,대성상사,653-9988," 미평3길 32, (미평동)"
미평동,공구/페인트,금성건재,652-9700," 좌수영로 381, (미평동)"
미평동,음식/카페,백제숯불갈비,653-7782," 미평9길 19, (미평동)"
미평동,정육,암소마을식육점,654-3712," 미평로 53, (미평동)"
미평동,음식/카페,밥상차려주는 집,061-654-5872,(59624) 양지3길 8 (미평동)
미평동,생활,에이급가전가구할인매장,,(59697) 좌수영로 406 (미평동)
삼산면,식품/청과,거문도해풍쑥영농조합법인 판매장,665-8359,삼산면 거문길 42
삼산면,음식/카페,백도식당,684-2157, 삼산면 삼호교길 9
삼산면,음식/카페,충청도횟집,665-1986, 삼산면 거문길 94
삼산면,음식/카페,거문식당,665-2203, 삼산면 거문길 76
삼산면,음식/카페,황금어장,666-7734, 삼산면 거문길 50
삼산면,마트,우정슈퍼,665-5940, 삼산면 덕촌리 462-2
삼산면,마트,남강슈퍼,665-6492, 삼산면 덕흥1길 4
삼산면,음식/카페,덕성식당,665-7492, 삼산면 덕촌리 609
삼산면,음식/카페,영광반점,665-2393, 삼산면 거문길 22
삼산면,마트,이오상회,665-8025, 삼산면 거문리 87-13
삼산면,음식/카페,수평선,665-1868, 삼산면 거문길 34-10
삼산면,마트,경북상회,666-8028, 삼산면 삼호교길 19
삼산면,식품/청과,7호수산,666-8077, 삼산면 거문길 82
삼산면,음식/카페,길다실,666-8071, 삼산면 하늘담길 14-1
삼산면,음식/카페,산호식당,665-5082, 삼산면 하늘담길 10
삼산면,음식/카페,터미널식당,665-8281, 삼산면 거문리 87-50
삼산면,음식/카페,매일횟집,666-8478, 삼산면 거문길 103
삼산면,마트,새길마트,666-8046, 삼산면 하늘담길 3
삼산면,마트,거문슈퍼,666-8033, 삼산면 거문길 64
삼산면,음식/카페,거문식당,666-8102, 삼산면 거문리 91
삼산면,식품/청과,중매인6호,666-8006, 삼산면 거문길 62-1
삼산면,음식/카페,번지횟집,666-8133, 삼산면 거문길 44
삼산면,음식/카페,제일식당,666-1029, 삼산면 거문길 16
삼산면,음식/카페,삼호교횟집,666-1774, 삼산면 삼호교길 35
삼산면,음식/카페,강동횟집,666-0034, 삼산면 삼호교길 19
삼산면,마트,대한슈퍼,666-8036, 삼산면 거문길 84
삼산면,마트,만물상회,665-8050, 삼산면 거문리 102-1
삼산면,마트,영진슈퍼,666-8123, 삼산면 거문길 6
삼산면,식품/청과,중매인10호,666-8042, 삼산면 거문길 56
삼산면,마트,원진슈퍼,6668200, 삼산면 거문리 105
삼산면,마트,대흥슈퍼,6668016, 삼산면 거문리 89
삼산면,마트,동아슈퍼,6658073, 삼산면 거문길 34
삼일동,주유/가스,(유)현대유조,691-6666," 여수산단4로 16, (중흥동)"
삼일동,마트,LG석유화학구내매점,689-3456," 산단중앙로 460, (중흥동)"
삼일동,주유/가스,화물터미널주유소,691-4535," 여수산단로 238, (월하동)"
삼일동,식품/청과,카본매점,690-5125,진달래길 310-88 (월내동)
삼일동,마트,LG화학여수공장사우회,680-1108,여수산단2로 55 (화치동)
삼일동,주유/가스,대유주유소,686-3311," 상암로 419, (호명동)"
삼일동,음식/카페,백도식당,686-4500," 상암로 642, (상암동)"
삼일동,주유/가스,삼일주유소,685-5252," 여수산단로 547, (중흥동)"
삼일동,공구/페인트,여도철물공구상사,652-0049,여수산단로 306 (평여동)
삼일동,주유/가스,동화주유소,685-6303," 여수산단로 268, (월하동)"
삼일동,주유/가스,상암주유소,685-3163," 상암로 654, (상암동)"
삼일동,주유/가스,대신주유소,685-5388," 여수산단로 300, (평여동)"
삼일동,생활,여수공장사우회,061-680-1108,"여수산단2로 55, 여수공장사우회 (화치동)"
서강동,음식/카페,커피스토리,641-9884, 좌수영로 11-2 (서교동)
서강동,마트,서교콜마트,641-8787, 신월로 801 (서교동)
서강동,생활,타이어프로봉강점,642-7287, 신월로 791 (봉강동)
서강동,식품/청과,진남유통,641-8998," 좌수영로 17-1 (서교동, 1층)"
서강동,패션,원패션,642-8602, 좌수영로 16-6(서교동)
서강동,건강,한일약국,643-5115," 신월로 805, (서교동)"
서강동,정육,한마음축산,644-3540," 좌수영로 20, (서교동)"
서강동,정육,진남정육점,642-3359," 좌수영로 18-7, (서교동)"
서강동,식품/청과,창원미곡,642-2318," 서교6길 5-1, (서교동)"
서강동,마트,뉴플러스마트,642-3969," 서교2길 2-5, (서교동)"
서강동,식품/청과,여수떡집,642-3994," 좌수영로 16-6, (서교동)"
서강동,식품/청과,인덕상회,643-0277," 좌수영로 16-8, (서교동)"
서강동,정육,무성정육점,641-3513," 좌수영로 16-7, (서교동)"
서강동,정육,벧엘정육점,641-2978," 좌수영로 12-1, (서교동)"
서강동,이미용,늘고운미용실,643-7959," 서교6길 8, (서교동)"
서강동,식품/청과,대성수산,643-1757," 서교6길 6-4, (서교동)"
서강동,식품/청과,초원축산유통,641-8877," 한재로 98, (봉강동)"
서강동,패션,쌍방울오복상회,642-5525," 서교연등천길 15, (서교동)"
서강동,패션,서정BYC,642-1674," 서교2길 5, (서교동)"
서강동,이미용,숙이미용실,642-6148," 서교1길 19, (서교동)"
서강동,생활,천일천막사,641-1001,신월로 800 (봉강동)
서강동,공구/페인트,제일종합상사,643-1546, 서교동 668
서강동,정육,해태정육점,642-1811," 봉강서1길 38, (봉강동)"
서강동,이미용,미인화장품,641-1945, 서교동 518
서강동,정육,소라정육점,642-9830," 서교6길 5-1, (서교동)"
서강동,음식/카페,호림식당,642-2008," 서교7길 7-1, (서교동)"
서강동,생활,시대그릇,641-2878," 서교6길 9-2, (서교동)"
서강동,마트,여수축협서강동지소,641-3412," 중앙로 3-4, (서교동)"
서강동,음식/카페,로타리식당,642-2156,서교3길 2-1 (서교동)
서강동,마트,진우슈퍼,644-0053," 봉강5길 11, (봉강동)"
서강동,음식/카페,백번주점,642-0100,좌수영로 64 (서교동)
서강동,생활,여수침구,641-5880," 서교2길 9, (서교동)"
서강동,생활,일공공일안경원,641-3242," 중앙로 9-1, (서교동)"
서강동,인테리어,태성장식,641-4431,좌수영로 64(서교동)
서강동,공구/페인트,덕원건재,643-5684, 서교동 24
서강동,음식/카페,부광식당,641-1371," 좌수영로 46, (서교동)"
서강동,패션,신흥주단,642-4090," 좌수영로 18-3, (서교동)"
서강동,생활,서교탕,641-8859," 서교1길 12-22, (서교동)"
서강동,공구/페인트,구구육건재,643-0996," 좌수영로 15, (서교동)"
서강동,생활,샤론화원,641-7566," 좌수영로 22-1, (서교동)"
서강동,패션,부림주단,642-4147," 좌수영로 16-3, (서교동)"
서강동,마트,영락상회,641-8579," 좌수영로 18-10, (서교동)"
서강동,공구/페인트,호남장갑,643-0016," 중앙로 3-2, (서교동)"
서강동,생활,그린각,641-2700," 서교3길 6-1, (서교동)"
서강동,이미용,상아미용실,641-1928," 봉강1길 6, (봉강동)"
서강동,이미용,봉강미용실,642-6574, 봉강동 226-1
서강동,건강,동화당한약방,643-1773," 신월로 790, (봉강동)"
서강동,인테리어,삼익훼밀리도어,643-9053, 봉강동 323-2
서강동,건강,태평선식,641-7922," 버드나무길 1, (서교동)"
서강동,이미용,꾀꼬리미용실,643-1907," 좌수영로 13, (서교동)"
서강동,마트,서부슈퍼,642-4716," 좌수영로 14, (서교동)"
서강동,정육,태양정육점,642-8081," 서교6길 10, (서교동)"
서강동,음식/카페,대승식당,642-3536,진남로 6-3(서교동)
서강동,생활,한미타올여수대리점,641-6126," 좌수영로 14-1, (서교동)"
서강동,건강,서정약국,642-3786,서교2길 2 (서교동)
서강동,마트,백년슈퍼,642-9221," 한재로 110, (봉강동)"
서강동,마트,우리슈퍼,641-1218," 봉강서2길 22, (봉강동)"
서강동,이미용,까치미용실,641-3548," 봉강2길 16-3, (서교동)"
서강동,패션,돌산상회,642-1948," 서교2길 6-1, (서교동)"
서강동,이미용,동신화장품,642-1623," 서교2길 6, (서교동)"
서강동,건강,서경당건재한약방,643-5575," 좌수영로 38, (서교동)"
서강동,정육,서신흥정육점,642-2780," 서교2길 2-8, (서교동)"
서강동,정육,대도정육점,641-8071," 서교4길 2, (서교동)"
서강동,문구,서교문구사,641-3663," 서교3길 20, (서교동)"
서강동,생활,대성아크릴,643-8008," 좌수영로 48, (서교동)"
서강동,건강,여수의료기,643-8668," 좌수영로 56, (서교동)"
서강동,음식/카페,시민반점,641-3990," 좌수영로 64, (서교동)"
서강동,마트,동백할인마트,643-0510," 봉강2길 2-2, (봉강동)"
서강동,이미용,꽃피네화장품,643-4598," 서교4길 2-1, (서교동)"
서강동,정육,삼화정육점,642-5168," 좌수영로 14-4, (서교동)"
서강동,음식/카페,우중불고기,641-4148," 좌수영로 50-1, (서교동)"
서강동,음식/카페,구봉국수,061-641-0389,(59752) 좌수영로 18-4 (서교동)
서강동,식품/청과,정관장(서교점),061-641-0303,(59752) 좌수영로 42-3 (서교동)
소라면,마트,(유)여수식자재마트 죽림점,,소라면 죽림중앙로 7-22
소라면,마트,여천농협 자재센터(로컬푸드죽림점),685-0995,소라면 덕양로 18
소라면,음식/카페,치킨아이,682-9992,소라면 덕양리 1075-9
소라면,음식/카페,산수식당,681-0112,소라면 봉두리 의곡길 477
소라면,음식/카페,꼬치이야기죽림점,685-0495, 소라면 죽림3길 45
소라면,생활,안경스토리,686-0305, 소라면 죽림로 43
소라면,음식/카페,썬더치킨여수죽림점,685-9250, 소라면 죽림로 43
소라면,건강,우리들약국,683-3727," 소라면 죽림중앙로52, 102(1층)"
소라면,음식/카페,고을마당,686-9444, 소라면 죽림3길 47
소라면,이미용,헤어수,686-5090," 소라면 죽림중앙로 52, 103호"
소라면,마트,여천농업협동조합 자재센터(로컬푸드 죽림점),685-0995,소라면 덕양로 18
소라면,문구,색연필문구점,681-0054,소라면 죽림로 51
소라면,마트,죽림주공마트,686-7880," 소라면 죽림리 주공@상가 104,105호"
소라면,마트,현대마트,692-5060, 소라면 죽림리 죽림택지 N7-1
소라면,마트,신명마트죽림점,684-2828," 소라면 죽림리 1123 휴먼시아2단지 상가 103,104호"
소라면,생활,송정인더스트리,682-5999, 소라면 화양로 1953
소라면,마트,효성할인마트,683-8899, 소라면 덕양로 400
소라면,주유/가스,조은석유,691-6606, 소라면 원죽길 6
소라면,음식/카페,사랑더하기,683-9533, 소라면 덕양로 371
소라면,생활,덕양카센타,683-8588, 소라면 덕양로 390
소라면,이미용,덕양이용원,686-8883, 소라면 덕양로 448
소라면,문구,여양문구사,683-9101, 소라면 덕양로 368
소라면,레저/취미,덕양종합기타,683-8969, 소라면 덕양로 364
소라면,레저/취미,형제기타,683-8664, 소라면 덕양삼거리길 2-2
소라면,마트,순천상회,683-8226, 소라면 덕양리 1267
소라면,음식/카페,진남반점,683-8311, 소라면 덕양로 372
소라면,음식/카페,수연식당,686-9410, 소라면 하세동길 10
소라면,음식/카페,풍년식당,683-8881, 소라면 덕양로 448-2
소라면,음식/카페,삼일식당,683-8574, 소라면 덕양삼거리길 6
소라면,음식/카페,보성식당,683-8333, 소라면 덕양리 1171
소라면,음식/카페,행복식당,683-9311, 소라면 상세동길 56
소라면,음식/카페,팔구식당,685-8933, 소라면 덕양리 1272-1
소라면,음식/카페,은혜식당,683-9178, 소라면 하세동길 7-1
소라면,음식/카페,제일식당,683-8248, 소라면 덕양로 448-2
소라면,음식/카페,봉두식당,685-8190, 소라면 당촌길 61
소라면,음식/카페,바드레식당,686-1775, 소라면 의곡길 17
소라면,음식/카페,송학가든,686-5799, 소라면 봉두로 93
소라면,음식/카페,죽림전원가든,685-8167, 소라면 서부로 57-17
소라면,마트,여천농협소라지점,683-8431, 소라면 덕양로 432
소라면,음식/카페,삼덕식당,683-8259, 소라면 덕양로 378
소라면,음식/카페,형제가든,681-3157, 소라면 안심산길 105
소라면,음식/카페,정희식당,683-8732, 소라면 덕양로 373
소라면,음식/카페,대호식당,683-8585, 소라면 주삼덕양로 1-1
소라면,주유/가스,소라주유소,683-8460, 소라면 주삼덕양로 14
소라면,음식/카페,복산식당,683-8635, 소라면 하세동길 17-2
소라면,음식/카페,원식당,683-8086, 소라면 덕양로 407
소라면,주유/가스,공항주유소,686-0044, 소라면 여순로 146
소라면,레저/취미,자전거의류 아울렛,061-684-3972,소라면 죽림1길 6
소라면,정육,갑이농장 정육점,061-685-7301,소라면 의곡길 113
시전동,마트,다온마트,681-2626,"선소로68, 3동2호(신기동, 부영아파트상가)"
시전동,레저/취미,CGV여수웅천,642-6005,"웅천로19-35, 1층(웅천동)"
시전동,교육/도서,해맑은어린이서점,683-9999,웅남3길 9(웅천동)
시전동,패션,디스커버리 여천점,691-0332,망마로 77-1 (신기동)
시전동,패션,스케처스여천점,683-6689,선서로 98-1 (신기동)
시전동,패션,네파(전남여천점),652-1234,망마로 67-1 (신기동)
시전동,패션,그놈,686-5085,"신기남3길 34, 1층(신기동)"
시전동,패션,하루,651-8188,신기남2길 30 (신기동)
시전동,마트,웅천부영마트,686-2131,"웅천로 261, 상가동 102호103호"
시전동,패션,수스여천점,692-4992,흥국상가길 24 (신기동)
시전동,패션,올리비아허슬러,683-8910, 신기남2길 31(신기동)
시전동,음식/카페,종국이두마리치킨,692-8292," 쌍봉로 213 (신기동, 상가106호)"
시전동,패션,매긴나잇브릿지 여수점,681-3353,흥국상가길 15(신기동)
시전동,마트,신명마트,685-1140,"선소로 72-13, 2동 201호 외 1필지(신기동, 부영3단지 상가)"
시전동,패션,풋락커여수점,684-5252,선소로 88(신기동)
시전동,패션,윌리엄스버그,665-0020, 선소로 86(신기동)
시전동,음식/카페,초원복집,685-0038, 신기남1길 20(신기동)
시전동,주유/가스,호성주유소,681-2326," 망마로 97, (신기동)"
시전동,음식/카페,신기찐빵만두,, 새터로 75(신기동)
시전동,마트,초록마을여수신기점,684-6288, 새터로 7(신기동)
시전동,이미용,더바디샵여수점,684-0922," 선소로 96, (신기동)"
시전동,패션,피턴진,," 흥국상가길 15-1, (신기동)"
시전동,패션,마드모아젤,691-8862," 흥국로 72, (신기동)"
시전동,주유/가스,여천가스충전소,684-0777," 쌍봉로 258, (시전동)"
시전동,식품/청과,다도해유통,681-0340," 신기남1길 26-2, (신기동)"
시전동,마트,지웰마트,684-8877, 웅천동 택지지구 3-2BL 101호
시전동,건강,한려엑스포병원,689-9663," 여천체육공원길 10, (신기동)"
시전동,패션,르꼬끄골프,683-2121," 선소로 100, (신기동)"
시전동,주유/가스,영진주유소,681-7302," 쌍봉로 250, (시전동)"
시전동,생활,님프만,692-3434," 흥국로 68, (신기동)"
시전동,마트,신기공원슈퍼,691-5198," 신기북3길 19, (신기동)"
시전동,마트,우림마트,682-8400, 신기동 우림필유 302호
시전동,패션,이엑스알여천점,682-0049," 흥국상가길 31, (신기동)"
시전동,패션,블랙야크여수시청점,682-2277,망마로 67(신기동)
시전동,패션,리바이스키즈,682-8008," 흥국상가길 27, (신기동)"
시전동,전자제품,용산컴퓨터,686-3361," 흥국로 79, (신기동)"
시전동,패션,비너스흥국점,683-8563," 흥국상가길 24, (신기동)"
시전동,주유/가스,신기주유소,682-1117," 쌍봉로 240, (시전동)"
시전동,패션,메이폴여천점,684-3737," 흥국상가길 23, (신기동)"
시전동,패션,UGIZ,682-2166," 흥국상가길 7, (신기동)"
시전동,패션,수호천사,691-7824," 흥국상가길 18, (신기동)"
시전동,패션,마사이워킹센타,685-0201,흥국로 64 (신기동)
시전동,패션,예츠,682-2326,신기남4길 32 (신기동)
시전동,생활,명금보석,692-4040," 망마로 51-1, (신기동)"
시전동,패션,블루페페,682-5769," 흥국상가길 10, (신기동)"
시전동,마트,가족사랑마트,686-7785," 새터로 66, (신기동)"
시전동,패션,써브앤스매쉬,691-1488," 흥국로 88, (신기동)"
시전동,식품/청과,대일유통,685 - 2485," 신기북7길 53, (신기동)"
시전동,패션,이솝,691-7169," 흥국상가길 5, (신기동)"
시전동,패션,트레비스,684-6400," 흥국상가길 29, (신기동)"
시전동,패션,케이스위스여천점,684-6566," 신기남3길 34, (신기동)"
시전동,패션,톰보이 진,684-7100," 흥국상가길 3, (신기동)"
시전동,패션,유니베라여천점,683-5336," 새터로 106, (신기동)"
시전동,레저/취미,(유)메가박스여수영화관,1544-0700,"(.) 쌍봉로 208, (신기동)"
시전동,마트,일레븐마트,685-1289," 흥국로 104, (신기동)"
시전동,음식/카페,베어마운틴,685-0658," 선소로 90, (신기동)"
시전동,교육/도서,나라서적,681-0823," 망마로 49, (신기동)"
시전동,패션,제임스딘,684-7100," 흥국상가길 3, (신기동)"
시전동,패션,체이스컬트,686-1405," 흥국상가길 10, (신기동)"
시전동,패션,사랑을주는집,682-5988," 신기남3길 33, (신기동)"
시전동,문구,우미문구팬시,683-0230, 신기동 243 우미상가
시전동,패션,코코리아앙팡여천점,681-4752," 흥국상가길 27, (신기동)"
시전동,패션,페페여천대리점,682-5769," 흥국상가길 10, (신기동)"
시전동,공구/페인트,서울철물공구상사,684-2151," 새터로 72, (신기동)"
시전동,패션,플러스기타,682-2255," 선소로 100, (신기동)"
시전동,공구/페인트,종합건재,684-2384," 신기남2길 18, (신기동)"
시전동,건강,알파와오메가,686-6211," 망마로 53, (신기동)"
시전동,패션,메키아동복,684-4956," 흥국상가길 26, (신기동)"
시전동,생활,길레코드,681-7047," 흥국로 99, (신기동)"
시전동,인테리어,아름다운집,683-1491," 흥국로 63, (신기동)"
시전동,음식/카페,소담,691-5044," 신기남1길 1, (신기동)"
시전동,패션,패션뉴스,685-3355," 흥국상가길 13, (신기동)"
시전동,생활,호남인쇄사,681-5885," 신기북7길 28, (신기동)"
시전동,공구/페인트,고리산업,681-6803," 신기남1길 6-6, (신기동)"
시전동,음식/카페,만선돌곱창,681-7313," 시전4길 8-6, (신기동)"
시전동,음식/카페,부영갈비광장,682-1985," 선소로 92, (신기동)"
시전동,정육,행복정육점,681-7261," 시전6길 16-1, (신기동)"
시전동,정육,농촌지도자연합회한우지정판매점,681-2053," 시전6길 16-1, (신기동)"
시전동,식품/청과,세계통상,691-1912, 신기동 74-8
시전동,이미용,화장품마트,691-0864," 흥국로 100, (신기동)"
시전동,패션,빌트모아,684-5146," 흥국상가길 19, (신기동)"
시전동,음식/카페,자연석돌구이,682-3479," 선소로 104, (신기동)"
시전동,생활,환경을생각하는사람들,684-5788," 신기남1길 2, (신기동)"
시전동,인테리어,월드하우스,681-2266, 신기동 137-111
시전동,패션,비비안,681-5277," 신기남4길 32, (신기동)"
시전동,건강,질경이,691-2714," 흥국상가길 28, (신기동)"
시전동,마트,다도해유통,682-3111," 새터로 83, (신기동)"
시전동,패션,트라이,691-7629, 신기동 74-8
시전동,레저/취미,중앙낚시,683-4043," 새터로 61, (신기동)"
시전동,음식/카페,무등산양념통닭,684-4393," 흥국로 103, (신기동)"
시전동,음식/카페,달구지,684-1519," 쌍봉로 186, (신기동)"
시전동,패션,석철스포츠,682-0642," 흥국상가길 14, (신기동)"
시전동,공구/페인트,진남도료,681-6136,선소로 130-1 (신기동)
시전동,음식/카페,필리아식당,685-7352,신기북3길 8 (신기동)
시전동,생활,24시열쇠,686-0747," 흥국로 92, (신기동)"
시전동,생활,예문사,682-4849," 흥국로 90, (신기동)"
시전동,음식/카페,시전돌곱창,681-7075,흥국로 106 (신기동)
시전동,음식/카페,곱창마당,681-5975, 신기동 74-8
시전동,음식/카페,신부영식당,683-2567," 시전4길 20-10, (신기동)"
시전동,패션,이솝아동복,685-1723," 흥국상가길 30, (신기동)"
시전동,레저/취미,차기사기타,684-4971," 흥국로 88, (신기동)"
시전동,공구/페인트,태양건재,691-3533," 흥국로 90, (신기동)"
시전동,건강,감초건강원,683-5300," 신기남4길 3, (신기동)"
시전동,생활,보화당,684-5577," 흥국로 64, (신기동)"
시전동,전자제품,학사컴퓨터,681-5612," 신기남4길 32, (신기동)"
시전동,레저/취미,수평기타,681-1391," 흥국로 64, (신기동)"
시전동,패션,여천마크사,684-3705," 흥국로 80, (신기동)"
시전동,인테리어,대영지업사,685-1795," 흥국로 86, (신기동)"
시전동,레저/취미,신풍기타,684-4525," 흥국로 98, (신기동)"
시전동,인테리어,선우드가구,683-3547," 흥국로 96, (신기동)"
시전동,인테리어,개미지업사,684-2848," 흥국로 98, (신기동)"
시전동,음식/카페,신기아꾸,683-2256," 흥국로 95, (신기동)"
시전동,생활,현대인업사,681-1130," 흥국로 73, (신기동)"
시전동,음식/카페,연하식당,684-3257," 흥국로 87, (신기동)"
시전동,패션,BYC종합매장,682-2212," 흥국로 69, (신기동)"
시전동,공구/페인트,화신건재,681-3388, 신기동 부영A 상가
시전동,레저/취미,광일기타,681-5739," 신기남4길 19, (신기동)"
시전동,패션,빅맨,683-5066," 새터로 98, (신기동)"
시전동,패션,시선집중,686-8826," 신기북3길 50, (신기동)"
시전동,패션,빅게이트,683-0501," 새터로 106-1, (신기동)"
시전동,이미용,머리맵시헤어샵,691-4598," 새터로 80, (신기동)"
시전동,생활,고려기물,685-0799," 새터로 68, (신기동)"
시전동,생활,햇빛유리,683-5450," 새터로 90-1, (신기동)"
시전동,마트,(주)영클리오,691-2100," 쌍봉로 208, (신기동)"
시전동,패션,뱅뱅어패럴,682-1821," 망마로 47, (신기동)"
시전동,생활,빠리안경원,684-5151," 선소로 88, (신기동)"
시전동,패션,이도,683-7238," 흥국상가길 9, (신기동)"
시전동,마트,㈜일마트,681-2626," 선소로 72-14, (신기동)"
시전동,레저/취미,시목미안기타,674-1513," 망마로 54, (신기동)"
시전동,문구,제록스유정OA,653-0662," 망마로 109, (신기동)"
시전동,패션,아나카프리여천점,686-0258,"망마로 47, 2호(신기동, 동서빌딩1호)"
시전동,패션,게스언더웨어,683-7797,"시청동3길 9, . (학동)."
시전동,패션,올리비아로렌,684-6644,"선소로 104, . (신기동)."
시전동,패션,여수닥스골프,662-3855,"선소로 102, . (신기동)."
시전동,패션,체이스컬트,681-1147,"신기남1길 32, . (신기동)."
시전동,패션,August(어거스트),.,흥국상가길 25 (신기동)
시전동,식품/청과,부영청과,683-1156,시전6길 16-1 (신기동)
시전동,생활,BIJOU(비쥬),691-9997,"예울마루로 43, 102호 (웅천동)"
시전동,생활,조은선물컬렉션,683-7711,흥국상가길 21 (신기동)
시전동,이미용,도로시헤어체인지,686-6288,"무선로 50, 상가2동 제103호 (학동, 신동아파밀리에아파트)상가2동 제103호"
시전동,패션,바이네르여수점,683-2091,"선소로 92, 1층 (신기동)1층"
시전동,생활,메리퀸여천점,686-7343,"흥국로 94, 2호 (신기동)2호"
시전동,패션,지오지아,070-7617-5628,신기남2길 20 (신기동)
시전동,패션,빈폴아웃도어여수대리점,691-3663,"망마로 61-1, 2층 (신기동)2층"
시전동,패션,예쎄,684-1491,흥국상가길 27 (신기동)예쎄
시전동,마트,장바구니(마트),061-682-8080,"예울마루로 37-26, 장바구니 (웅천동)장바구니(마트)"
시전동,패션,여천 P.A.T,061-683-4609,"흥국로 76, 여천 P.A.T (신기동)여천 P.A.T"
시전동,식품/청과,맛있는과일,,"새터로 73, 맛있는과일 (신기동)맛있는과일"
시전동,패션,와이드앵글(여천점),061-684-7778,"선소로 86, 와이드앵글(여천점) (신기동)와이드앵글(여천점)"
시전동,패션,LUSSOSO(루쏘소),061-685-2486,"예울마루로 43, 3층 (웅천동)3층"
시전동,패션,휠라인티모 여천점,692-6100,"흥국로 64, 1층 (신기동)1층"
시전동,레저/취미,아레나 수영복,,새터로 75 (신기동)
시전동,마트,여수웅천식자재마트,061-681-6100,웅천로 100 (웅천동)
시전동,정육,바른정육점,061-685-7776,흥국로 6 (학동)
신기동,패션,K2여수여천MS,685-5010," 망마로 59, . (신기동)."
신기동,패션,코오롱스포츠여천점,691-7318,"망마로 53, 1층 (신기동)1층"
신기동,생활,그림쟁이,,신기남1길 20-8 (신기동)
쌍봉동,패션,올포유여천점,685-8411,시청로 33(학동)
쌍봉동,패션,컬리수.모이몰른(여천점),685-3030,"흥국상가길 25, 1층(신기동)"
쌍봉동,패션,캘빈클라인언더웨어 여수여천대리점,683-0077,시청동4길 9(학동)
쌍봉동,식품/청과,시온청과,682-3973,무선로 26 (학동)
쌍봉동,음식/카페,제일떡방앗간,683-0611,학동2길 7-4
쌍봉동,패션,팬텀골프스포츠,684-3084,"무선로 6 (학동, 이레타운 103)"
쌍봉동,레저/취미,미도파낚시점,643-7878,소호로 599 (소호동)
쌍봉동,패션,엘리트학생복,681-5005,흥국로 51(학동)
쌍봉동,마트,여천농업협동조합,683-5117,학동1길 19 (학동)
쌍봉동,마트,탑앤탑주식회사,686-5993,소호로 497 (소호동)
쌍봉동,패션,탠디아울렛,682-0355,망마로 36 (학동)
쌍봉동,음식/카페,황진이,684-2727,"거북선공원1길 16, 2층 (학동)"
쌍봉동,마트,씨앤루식자재마트,,"학동 2길 22, 제 1동 1층 101호 (학동)"
쌍봉동,패션,커터앤벅,682-3533,시청동 5길 14 (학동)
쌍봉동,패션,체이스컬트,684-5152,무선로 18 (학동)
쌍봉동,음식/카페,우사골설렁탕(여천점),684-5440,장성1길 13(안산동)
쌍봉동,음식/카페,정자골,685-3800,장성5길 3(안산동)
쌍봉동,교육/도서,고은서림,683-3478,무선로 18 (학동)
쌍봉동,식품/청과,진이찬방,681-2202,"무선로 18, 1층 107호 (학동, 현대상가)"
쌍봉동,마트,주)롯데슈퍼여수학동점,691-7566," 학동1길 10, 2층 205호외(학동)"
쌍봉동,생활,길손화원,681-1198, 흥국로 37(학동)
쌍봉동,음식/카페,신진루,686-5366, 학동6길 1(학동)
쌍봉동,식품/청과,팔공청과,682-2380, 흥국로 37(학동)
쌍봉동,음식/카페,통뼈감자탕여천점,682-0030, 흥국로 32(학동)
쌍봉동,생활,LOOK안경,661-1004, 망마로 11(학동)
쌍봉동,음식/카페,여천명신낙지,685-9928, 거북선공원1길 20(학동)
쌍봉동,음식/카페,장어마을,691-9695, 거북선공원1길 13(학동)
쌍봉동,음식/카페,동트는집,685-5288, 거북선공원1길 26(학동)
쌍봉동,음식/카페,목련식당,681-1989, 소호8길 11(소호동)
쌍봉동,음식/카페,또또와국밥,682-3466, 소호8길 6(소호동)
쌍봉동,패션,엘레강스스포츠여천점,683-5778, 망마로 19(학동)
쌍봉동,음식/카페,삼계명가,684-3955, 장성5길 11(안산동)
쌍봉동,음식/카페,바다맛횟집,685-3334, 장성3길 22-5(안산동)
쌍봉동,음식/카페,장어본가,681-5060, 장성3길 26-9(안산동)
쌍봉동,음식/카페,또!동강,692-0147, 장성5길 15(안산동)
쌍봉동,생활,레이디플라워,691-0004, 흥국로 32-10(학동)
쌍봉동,음식/카페,우드스탁,683-4832, 소호6길 7-5(소호동)
쌍봉동,음식/카페,꽃마루,684-9500, 소호6길 7-5(소호동)
쌍봉동,패션,도이터여천점,691-7200, 흥국로 15(학동)
쌍봉동,음식/카페,맘스터치파밀리애점,683-1123,"쌍봉로 29(학동,2층)"
쌍봉동,패션,JDX,681-6761,망마로 39(학동)
쌍봉동,마트,솔마트,685-0922,소호5길 6-5(소호동)
쌍봉동,정육,㈜씨케이여수지점,644-8592,무선로 28(학동)
쌍봉동,패션,마코스포츠,684-3086," 무선로 16 현대상가 1층 3,4호(학동)"
쌍봉동,패션,밀레여천점,691-6565, 망마로 11(학동)
쌍봉동,마트,깨비마트,685-2727," 무선로 18,(학동, 현대상가 107호)"
쌍봉동,패션,로베르타디까메리노,655-6870, 쌍봉로 39(학동)
쌍봉동,식품/청과,대진건어물,692-3641," 무선로 28, (학동)"
쌍봉동,음식/카페,초가집,685-9272," 학동5길 20-1, (학동)"
쌍봉동,패션,K2코리아학동점,682-1140," 망마로 15, (학동)"
쌍봉동,생활,대선당금방,662-1891," 망마로 12, (학동)"
쌍봉동,인테리어,박홍근홈패션여수점,653-4007," 쌍봉로 49, (학동)"
쌍봉동,음식/카페,부산횟집,692-2838," 학동2길 7-4, 1층 제22호 (학동, 제이에이동 제)"
쌍봉동,생활,골드앤골드,684-1626," 시청로 39, 1층4 (학동)"
쌍봉동,정육,쌍봉식육점,," 학동3길 7, (학동, 이화상가 나-12)"
쌍봉동,레저/취미,코리아당구클럽,," 선소로 67, 3층) (학동, "
쌍봉동,마트,도원마트,692-8787," 장성마을길 14, (안산동)"
쌍봉동,음식/카페,나르샤그릴레스토랑,681-9000," 시청서5길 10, (학동)"
쌍봉동,마트,행복유통,685-2040," 시청로 34, 204호 (학동)"
쌍봉동,식품/청과,성실건어물마트,665-5588," 학동1길 12-3, (학동)"
쌍봉동,음식/카페,길거리야,," 쌍봉로 55, (학동)"
쌍봉동,패션,BYC아주상사,692-3311," 시청로 34, (학동)"
쌍봉동,식품/청과,쌍봉청과,681-5469," 학동1길 10, (학동)"
쌍봉동,음식/카페,미스터피자여천점,691-8477," 망마로 31, (학동)"
쌍봉동,마트,그린홈마트,682-5752," 시청로 60, (학동)"
쌍봉동,생활,일상해양산업주식회사,683-7469, 소호동 산 99
쌍봉동,마트,여수엠마트,685-0808," 소호4길 11, (소호동)"
쌍봉동,생활,글라스박스안경원,682-2066," 쌍봉로 48, (학동)"
쌍봉동,마트,홈스토아마트,691-7566," 학동1길 10, (학동)"
쌍봉동,식품/청과,사과향기,686-6292," 도원로 204, (안산동, 부영@ 상가 102)"
쌍봉동,식품/청과,대해건어물,682-4800," 학동3길 7, (학동)"
쌍봉동,패션,JK골프,686-5433," 선소로 121, (학동)"
쌍봉동,건강,제일건강식품,689-8125," 쌍봉로 70, (학동)"
쌍봉동,식품/청과,고향맛김치,682-7272," 학동1길 12, (학동)"
쌍봉동,인테리어,목림방가구백화점,686-3533," 흥국로 42-1, (학동)"
쌍봉동,주유/가스,시티주유소,685-5145," 시청로 11, (학동)"
쌍봉동,패션,AK앤클라인,683-6404," 망마로 33, (학동)"
쌍봉동,패션,여수여천로가디스,682-4444," 시청동5길 14, (학동)"
쌍봉동,생활,안경나라,682-2521," 망마로 30, (학동)"
쌍봉동,건강,한삼인여수학동점,691-3311," 무선로 16, (학동)"
쌍봉동,마트,초록마을여수학동점,691-6289," 학동서3길 36, (학동)"
쌍봉동,패션,까뜨리네뜨여천점,685-8800," 시청동4길 12, (학동)"
쌍봉동,음식/카페,마리나부페,686-6900," 선소로 25, (학동)"
쌍봉동,레저/취미,010노래,682-5095," 시청로 43, (학동)"
쌍봉동,마트,농협은행㈜신여수지점,682-5152," 시청로 49, (학동)"
쌍봉동,교육/도서,물벼락서점,684-3357," 무선로 32, (학동)"
쌍봉동,식품/청과,한나생선,682-5917," 학동2길 7-4, 117호 (학동, 제일시장)"
쌍봉동,정육,민속한우정육점,683-4321," 학동3길 7, (학동)"
쌍봉동,이미용,코리아 종합화장품,682-0523," 무선로 26, (학동)"
쌍봉동,패션,엘레강스스포츠,684-3084 / 684-3533," 무선로 6, (학동)"
쌍봉동,생활,㈜일상,692-2400," 도원로 283, (학동)"
쌍봉동,생활,망마보석,685-3694," 선소로 67, (학동)"
쌍봉동,인테리어,도시종합인테리어,681-1517," 도원로 246-2, (학동)"
쌍봉동,패션,재희패션,681-4652,학동8길 14-4 (학동)
쌍봉동,마트,이코노월드,685-2040," 시청로 34, (학동)"
쌍봉동,생활,책이랑아이랑,683-9999, 소호 1208-5
쌍봉동,패션,라인,683-7006," 망마로 35, (학동)"
쌍봉동,식품/청과,과일사랑,681-2008," 도원로 194-1, (안산동)"
쌍봉동,레저/취미,코렉스여천대리점,684-0967," 흥국로 39-1, (학동)"
쌍봉동,패션,2ME,686-0903," 무선로 6, 112(학동,이레타운제1층)"
쌍봉동,건강,다판다학동점,681-6866," 쌍봉로 42, (학동)"
쌍봉동,주유/가스,안산주유소,685-4441," 도원로 150, (안산동)"
쌍봉동,마트,콜마트안산점,684-4115," 도원로 170, (안산동)"
쌍봉동,패션,여성크로커다일,685-4251," 무선로 6, (학동, 이레타운 105)"
쌍봉동,마트,큐마트,684-5385," 학동서4길 5, (학동)"
쌍봉동,패션,피아마골프,684-0030," 시청동3길 9, (학동)"
쌍봉동,음식/카페,영빈관횟집,683-4586," 소호1길 14, (소호동)"
쌍봉동,패션,올리비아로렌여천점,684-6644," 시청동4길 13, (학동)"
쌍봉동,패션,LG패션TNGT여천점,686-5989," 선소로 63, (학동)"
쌍봉동,패션,프로월드컵여천점,681-0231," 시청로 33, (학동)"
쌍봉동,마트,DC백화점,691-2844," 학동서3길 38-1, (학동)"
쌍봉동,패션,인따르시아,684-3345," 학동서1길 6, (학동)"
쌍봉동,마트,부영할인마트,691-7300," 도원로 204, (안산동, 부영 5차 상가)"
쌍봉동,마트,엔마트,691-3562," 소호로 659, (안산동)"
쌍봉동,음식/카페,예촌생고기,681-4336," 장성1길 11, (안산동)"
쌍봉동,음식/카페,DC회마차,684-5184," 도원로 154-1, (안산동)"
쌍봉동,레저/취미,제일낚시,686-5757," 소호로 497, (소호동)"
쌍봉동,음식/카페,미미락,683-0824," 시청서3길 5-6, (학동)"
쌍봉동,패션,리오부라보,684-6506," 무선로 28, (학동)"
쌍봉동,생활,스위스모텔,683-2296," 시청동3길 35-6, (학동)"
쌍봉동,패션,앤클라인뉴욕,686-7557," 쌍봉로 45, (학동)"
쌍봉동,식품/청과,파리바게뜨 소호점,686-8289,"소호로 479, (소호동)"
쌍봉동,마트,후레쉬마트,691-6843," 소호6길 36, (소호동)"
쌍봉동,패션,BYC학동점,692-3311," 시청로 34, (학동)"
쌍봉동,식품/청과,제일떡방앗간,683-0611," 학동2길 7-4, 27호 (학동, 제일시장 1-)"
쌍봉동,인테리어,베르메종(커튼),683-3256," 흥국로 46-1, (학동)"
쌍봉동,마트,여수상회(농산물),681-0144," 학동3길 7, (학동, 이화상가)"
쌍봉동,패션,나산패션마트여수점,683-0049," 흥국로 58, (학동)"
쌍봉동,정육,한우방,684-2605, 안산동 441-18
쌍봉동,주유/가스,(유)개인가스충전소,685-0308," 쌍봉로 108, (학동)"
쌍봉동,생활,라비로즈,685-4252," 무선로 20, (학동)"
쌍봉동,음식/카페,시티파크,681-5700," 거북선공원1길 5, (학동)"
쌍봉동,문구,모닝문구,681-4409," 무선로 16, (학동)"
쌍봉동,생활,크리스찬백화점,684-2257," 흥국로 53, (학동)"
쌍봉동,패션,VIKI여천점,691-1835, 학동 61-109
쌍봉동,식품/청과,나주청과,685-3690,무선로 16(학동)
쌍봉동,생활,금호타이어오토마스터여수점,685-8484," 시청서6길 3, (학동)"
쌍봉동,마트,조은마트,691-9336, 소호동 427 101호
쌍봉동,마트,엔마트,691-3562," 소호로 659, (안산동)"
쌍봉동,마트,이레마트,681-4600," 무선로 6, (학동)"
쌍봉동,패션,프로스펙스여천대리점,681-0278," 쌍봉로 40, (학동)"
쌍봉동,정육,진양정육점,685-6027," 학동서5길 14, (학동)"
쌍봉동,음식/카페,황토방숯불구이,681-6992," 시청서2길 29-1, (학동)"
쌍봉동,패션,윔불던체육사,683-1446," 무선로 16, (학동)"
쌍봉동,음식/카페,나의살던고향은,685-7774," 시청서4길 30-8, (학동)"
쌍봉동,패션,리틀브렌,686-3778," 무선로 26, (학동)"
쌍봉동,주유/가스,두리석유,685-0473," 학동2길 25, (학동)"
쌍봉동,생활,제일화원,682-5377," 흥국로 8, (학동)"
쌍봉동,마트,이코노마트,683-5111,학동2길 7 (학동)
쌍봉동,생활,태양꽃화원,681-2640,시청로 57 (학동)
쌍봉동,마트,써니마트,684-1916," 시청로 62, (학동)"
쌍봉동,생활,코리안모터스,683-1131,쌍봉로 86 (학동)
쌍봉동,패션,루이까스텔 여천점,681-1417,시청로 35 (학동)
쌍봉동,생활,오형제보석,682-2792," 흥국로 55, (학동)"
쌍봉동,전자제품,(유)망마B2B솔루션,683-2687,"시청로 7, (학동)"
쌍봉동,음식/카페,학동BBQ통닭,683-0566, 학동 44-110
쌍봉동,마트,뉴원마트,691-7566," 학동1길 10, (학동)"
쌍봉동,식품/청과,여천원협중도매인11번,684-4484," 쌍봉로 96, (학동)"
쌍봉동,음식/카페,수타반점,685-8294," 도원로 254, (학동)"
쌍봉동,음식/카페,금풍식당,682-4309," 선소로 59, (학동)"
쌍봉동,음식/카페,예산오가꿀돼지,685-5811," 시청동3길 24-8, (학동)"
쌍봉동,주유/가스,소호주유소,681-7044," 소호로 520, (소호동)"
쌍봉동,패션,파츠,684-1858," 무선로 12, (학동)"
쌍봉동,마트,(유)코사마트,681-0909," 무선로 32, (학동)"
쌍봉동,패션,스타스포츠,691-7711," 쌍봉로 41, (학동)"
쌍봉동,레저/취미,신라낚시마트,685-7855,도원로 271 (학동)
쌍봉동,패션,로얄테니스,685-1873," 시청동1길 19, (학동)"
쌍봉동,생활,농사병원,683-2077," 학동1길 12, (학동)"
쌍봉동,생활,이로이로,681-0774," 쌍봉로 54, (학동)"
쌍봉동,패션,아식스스포츠,681-2898," 쌍봉로 54, (학동)"
쌍봉동,생활,자동차1급정비사,683-5277," 학동1길 26, (학동)"
쌍봉동,패션,신발세상,681-2293," 흥국로 6, (학동)"
쌍봉동,음식/카페,미로횟집,682-3772," 거북선공원2길 11, (학동)"
쌍봉동,생활,북앤북,685-2503," 무선로 22, (학동)"
쌍봉동,패션,꼬망스,684-5133," 무선로 18, (학동)"
쌍봉동,패션,에꼴리에,684-5315," 무선로 18, (학동)"
쌍봉동,음식/카페,장안식당,684-4946," 시청서2길 39-5, (학동)"
쌍봉동,음식/카페,미조리,685-8322," 시청서2길 35, (학동)"
쌍봉동,생활,쌍봉세차장,682-5356, 학동 69-4
쌍봉동,생활,가자주류세계여천점,682-8978," 흥국로 10-4, (학동)"
쌍봉동,마트,(유)이코노월드,685-2040," 시청로 27, (학동)"
쌍봉동,마트,(유)여수바다로,681-3757," 소호로 614, (학동)"
쌍봉동,교육/도서,여수중앙미용학원,686-6200," 망마로 33, (학동)"
쌍봉동,음식/카페,장모갈비,685-6592," 시청동2길 18, (학동)"
쌍봉동,마트,여수축산농협,686-3900," 소호로 638, (학동)"
쌍봉동,문구,짱구문구,681-6418," 학동6길 9, (학동)"
쌍봉동,음식/카페,가든횟집,684-5714," 소호로 488, (소호동)"
쌍봉동,건강,제일약국,681-5354," 시청로 43, (학동)"
쌍봉동,패션,무료입장,685-9490," 시청로 27, (학동)"
쌍봉동,생활,황보석,685-2221," 흥국로 13, (학동)"
쌍봉동,음식/카페,가나안베이커리,682-3982," 흥국로 11, (학동)"
쌍봉동,생활,자동차마을,683-3541," 거북선공원2길 8, (학동)"
쌍봉동,생활,우정각,691-5995," 거북선공원1길 6-4, (학동)"
쌍봉동,생활,선옥당,681-6850, 학동 44-108
쌍봉동,생활,아그네스,685-4953, 학동 44-108
쌍봉동,교육/도서,제일서적,684-1441," 흥국로 51, (학동)"
쌍봉동,패션,산돌상회,681-0113," 무선로 30, (학동)"
쌍봉동,생활,보석당,682-3388," 쌍봉로 57, (학동)"
쌍봉동,공구/페인트,중앙건재,681-4538," 흥국로 28, (학동)"
쌍봉동,이미용,진남종합화장품,681-0045," 학동1길 10, (학동)"
쌍봉동,패션,진남의류,683-4006," 학동1길 6, (학동)"
쌍봉동,음식/카페,송소횟집,681-5434," 소호로 236, (소호동)"
쌍봉동,마트,여천농협,683-5131," 학동1길 19, (학동)"
쌍봉동,음식/카페,신여천횟집,683-2844," 소호로 486, (소호동)"
쌍봉동,마트,믿음쇼핑,683-1392," 소호4길 5-24, (소호동)"
쌍봉동,패션,아가방,682-1675," 쌍봉로 43-1, (학동)"
쌍봉동,문구,좋은선물,682-2755," 시청로 41, (학동)"
쌍봉동,문구,여수문구센터,682-3616," 학동서3길 38-3, (학동)"
쌍봉동,생활,은전,681-6009," 쌍봉로 43-1, (학동)"
쌍봉동,생활,비엔나레코드,681-4342," 쌍봉로 55, (학동)"
쌍봉동,음식/카페,해태식당,683-4491," 학동2길 7, (학동)"
쌍봉동,생활,여천자미온,682-2798," 흥국로 8, (학동)"
쌍봉동,패션,오딧세이,685-8822," 시청동4길 10, (학동)"
쌍봉동,생활,금탑,683-1770," 시청동3길 13, (학동)"
쌍봉동,패션,LG패션타운젠트,683-5500," 시청동5길 14, (학동)"
쌍봉동,패션,로가디스,682-4444," 시청동5길 14, (학동)"
쌍봉동,패션,독립문PAT,683-4609," 시청동3길 13, (학동)"
쌍봉동,생활,우리화원,682-3324," 시청동5길 15, (학동)"
쌍봉동,음식/카페,녹지원식당,691-1040," 시청서2길 39-3, (학동)"
쌍봉동,음식/카페,여정식당,664-3638," 시청동2길 2, (학동)"
쌍봉동,패션,금강제화여수점,6624600," 망마로 21, (학동)"
쌍봉동,생활,글라스바바,685-8254,"선소로 108, (신기동)"
쌍봉동,마트,㈜쿱스토어전남 여수시청점,692-0168,시청동1길 19(학동)
쌍봉동,주유/가스,순수주유소,692-0559," 도원로 269, (학동)"
쌍봉동,인테리어,마들렌상점 여수점,682-3579,"도원로 267, . (학동)."
쌍봉동,마트,여천식자재마트,692-8214,"소호로 543, . (안산동)."
쌍봉동,패션,SI,691-7336,"무선로 12, A-106 (학동)A-106"
쌍봉동,패션,나인텐스초이,691-7776,"망마로 39, . (학동)."
쌍봉동,패션,(주)빈폴코리아,684-4400,"시청로 23, . (학동)."
쌍봉동,생활,신금당,685-1197,"쌍봉로 55, . (학동)."
쌍봉동,패션,인디안 여천점,686-7556,"거북선공원1길 28, . (학동)."
쌍봉동,음식/카페,유진수산,685-2427,"무선로 20, 3 (학동)3"
쌍봉동,패션,내셔널지오그래픽 여수점,683-6404,망마로 33 (학동)
쌍봉동,생활,보석뱅크,685-7538,"무선로 12, 1층-108 (학동)1층-108"
쌍봉동,식품/청과,로이스푼,692-3123,"거북선공원1길 28, 2층 (학동)2층"
쌍봉동,패션,타미힐피거,.,"망마로 36, 신성빌딩 1층 (학동)신성빌딩 1층"
쌍봉동,생활,(주)국제스포츠여수지점,682-0901,도원로 260-1 (학동)
쌍봉동,생활,이브자리,686-2942,시청로 34 (학동)
쌍봉동,패션,패션테마파크낙원,681-7722,"망마로 31, 1층 (학동)1층"
쌍봉동,생활,광금당,,"망마로 12, 광금당 (학동)광금당"
쌍봉동,음식/카페,베스킨라빈스 여수쌍봉점,,"무선로 50, 120동 807호 베스킨라빈스 (학동, 신동아파밀리에아파트)"
쌍봉동,음식/카페,베스킨라빈스,061-682-3031,"망마로 36, 1층 102호 베스킨라빈스 (학동)"
쌍봉동,인테리어,(주)여천갤러리,061-682-3566,흥국로 48 (학동)여천갤러리
쌍봉동,패션,캘러웨이 여수학동점,,"망마로 19, 캘러웨이 여수학동점 (학동)"
쌍봉동,패션,모다,,"무선로 22, 2층 모다 (학동)2층 모다"
쌍봉동,음식/카페,램플러스양꼬치전문점,061-684-7688,"시청동4길 16, 램플러스 양꼬치전문점 (학동)"
쌍봉동,주유/가스,(주)여수중앙주유소,061-684-4777,소호로 622 (학동)
쌍봉동,음식/카페,만두콩이,061-682-3336,쌍봉로 55 (학동)
쌍봉동,음식/카페,맛으로 여는 행복,061-692-9192,시청서4길 30-8 (학동)
쌍봉동,음식/카페,우리동네,061-684-4335,안산1길 186-23 (안산동)
쌍봉동,생활,제인하우스,, 장성2길 3 (안산동)
쌍봉동,생활,우진상사,061-691-3752,소호2길 6-6 (소호동)
쌍봉동,음식/카페,여수그집,061-691-9192,시청서1길 48 (학동)
쌍봉동,패션,텐스젬,061-681-1021,망마로 61 (신기동)
쌍봉동,패션,SI,681-7576,망마로 16-1 (학동)
쌍봉동,식품/청과,쌍봉청과,681-5469,"학동1길 10, 17호 (학동)17호"
여서동,마트,(유)여수식자재마트,655-4953,"여서로 224, 101호 (여서동)"
여서동,이미용,우리이용원,652-2870," 여서2로 38, (여서동)"
여서동,음식/카페,국빈,651-0349," 여서동2길 5, (여서동)"
여서동,마트,주공할인마트,651-3155," 여서2로 38, (여서동)"
여서동,마트,㈜보광넷컴퍼니,653-3553," 여서2로 9, (여서동)"
여서동,마트,새마을슈퍼,662-2164," 여서동5길 29, (여서동)"
여서동,음식/카페,나리의집,," 여서동5길 25, (여서동)"
여서동,마트,초록마을여수여서점,651-6289," 여서1로 9, (여서동)"
여서동,마트,일레븐마트,653-7550," 여문1로 35-1, (여서동)"
여서동,주유/가스,반디에너지㈜여수점,651-4998," 한재로 9, (여서동)"
여서동,마트,참마트,653-9602," 여서로 154, (여서동)"
여서동,마트,좋은나라㈜,651-5566,"여문문화1길 2-1, (여서동)"
여서동,음식/카페,미소쌈밥,652-4900," 여서동5길 8, (여서동)"
여서동,정육,금호정육점,652-9829, 여서동 금호a상가
여서동,건강,무진건강원,651-3877," 대치3길 17-4, (여서동)"
여서동,음식/카페,여명식당,654-0196," 대치3길 9-8, (여서동)"
여서동,음식/카페,수라식당,653-0888," 여서동4길 15-2, (여서동)"
여서동,생활,다모아빨래방,654-5666," 여서동6길 27-8, (여서동)"
여서동,생활,가을문고,652-3071," 여서1로 31, (여서동)"
여서동,생활,찬영정비공업사,654-0556," 여문1로 36, (여서동)"
여서동,마트,(주)뉴원마트,654-0588, 여서동 부영7차상가 1-1
여서동,마트,뉴빅마트,652-7888," 여문1로 30, (여서동)"
여서동,음식/카페,일미가,652-9350," 여서동5길 23-1, (여서동)"
여서동,생활,가보골드,654-5323," 여서1로 76, (여서동)"
여서동,생활,주은카부분정비,651-2300,여서동4길 3-5 (여서동)
여서동,마트,여수농협여서지점,690-4192,여문문화1길 6 (여서동)
여서동,패션,공원스포츠,653-5756, 여서동 부영a 상가
여서동,생활,비밀의화원,652-1780," 여문1로 36-1, (여서동)"
여서동,음식/카페,금수산,651-8127," 여문문화길 43, (여서동)"
여서동,음식/카페,로얄제과점,651-0485, 여서 부영5차 상가
여서동,마트,사랑할인마트,,"여서동 5길 23-1, (여서동)"
여서동,마트,훼미리마트,653-6522, 여서동 현대건설@상가
여서동,음식/카페,자연산회센타,652-2370," 여서동1길 10, (여서동)"
여서동,음식/카페,혜인식당,651-1965, 여서동 부영A상가
여서동,음식/카페,한일관,654-0091," 여문1로 43-9, (여서동)"
여서동,생활,밝은세상안경원,651-3589," 여서1로 82, (여서동)"
여서동,생활,에덴안경원,653-3325," 여서1로 79, (여서동)"
여서동,음식/카페,녹색식당,652-3513," 여서동5길 15, (여서동)"
여서동,레저/취미,대동기타,652-3114," 여서1로 76, (여서동)"
여서동,이미용,개성시대헤어컬렉션,654-4446," 여서로 188, (여서동)"
여서동,생활,오복당,653-3324," 여서1로 62, (여서동)"
여서동,주유/가스,굿모닝주유소,651-9911," 한재로 17, (여서동)"
여서동,주유/가스,동양에너지,653-8005," 여서로 210, (여서동)"
여서동,건강,좌수영약국,061-655-8881,"여서1로 73, 좌수영약국 (여서동)"
여서동,교육/도서,대양서림 여서점,061-654-2111,여서로 164 (여서동)
여서동,음식/카페,광한루 추어탕,061-653-2492," 장군산길 10 (여서동, 경남2차아파트)"
여서동,이미용,새로나이용원,,"여서1로 32, 상가1동 7호(부영6차 상가) (여서동)"
여서동,음식/카페,올리브레스토랑,061-652-1697,여서1로 41-1 (여서동)
여천동,음식/카페,왕골산,686-7895, 무선중앙로 65(선원동)
여천동,음식/카페,초원숯불갈비,685-1990, 무선6길 43-9(선원동)
여천동,음식/카페,여궁숯불갈비,685-2177, 무선로 183(선원동)
여천동,음식/카페,웰컴투동막골,692-0887, 무선2길 461-1(선원동)
여천동,음식/카페,노랑토랑,686-8288, 무선중앙로 41-1(선원동)
여천동,음식/카페,신광식당,691-7022, 화산로 117(화장동)
여천동,음식/카페,여천국밥,681-4305, 무선8길 7(선원동)
여천동,문구,드림디포여수점,691-6369, 무선로 61(선원동)
여천동,생활,꽃집아저씨,686-7891, 도원로 171-1(선원동)
여천동,주유/가스,그린LPG충전소,683-2300,시청로 175(여천동)
여천동,주유/가스,여천주유소,681-2103,시청로 230(여천동)
여천동,마트,탑(TOP)마트,653-6666, 도원로 175(선원동)
여천동,음식/카페,회뜨락,686-6181, 화장동 781-10
여천동,주유/가스,Plus주유소,686-3700," 무선로 113, (선원동)"
여천동,마트,에코한마음여천점,692-0888," 무선로 51, (선원동)"
여천동,마트,BB마트,683-4880," 무선중앙로 60, (선원동)"
여천동,음식/카페,본죽여천점,684-6233," 무선로 53, (선원동)"
여천동,주유/가스,무선주유소,692-0050,화산로 110(선원동)
여천동,주유/가스,도원주유소,683-9951,"도원로 135, . (선원동)."
여천동,마트,(주)롯데마트여천점,650-2527,무선로 187 (선원동)
여천동,마트,우리할인마트,684-7070," 덕양로 157, (화장동)"
여천동,마트,예스마트,692-2299," 도원로 191, (선원동)"
여천동,생활,레옹안경콘택트,684-2979," 선원4길 3, (선원동)"
여천동,레저/취미,유명낚시,681-7778," 도원로 189, (선원동)"
여천동,주유/가스,동성주유소,684-1122," 무선중앙로 98, (선원동)"
여천동,주유/가스,대경석유,684-1923,가곡길 72 (선원동)
여천동,음식/카페,화산식당,691-1518," 화산로 38, (화장동)"
여천동,생활,호산카써비스,681-1488," 무선중앙로 94, (선원동)"
여천동,음식/카페,여자만민물장어,691-5454," 대통2길 55, (화장동)"
여천동,음식/카페,해미락,691-1745," 성산4길 6, (화장동)"
여천동,음식/카페,새천년식당,691-6343," 대통로 85, (화장동)"
여천동,이미용,새들헤어샵,684-1024," 무선중앙로 47, (선원동)"
여천동,생활,쌍용카센터,681-5510," 무선로 167, (선원동)"
여천동,마트,21세기할인마트,686-0888, 선원동 남양A 상가
여천동,생활,벧엘사진관,691-5885," 화산로 33, (화장동)"
여천동,정육,한우마을,685-2132," 무선2길 34, (선원동)"
여천동,주유/가스,와온주유소,683-2042,무선로 282(화장동)
여천동,주유/가스,남해화학㈜여천하나로주유소,692-0015," 좌수영로 925, (여천동)"
여천동,생활,알톤자전거(무선점),686-8822,성산6길 27 (화장동)
여천동,주유/가스,스마트기업(주),685-5182,무선로 221 (화장동)
여천동,생활,제이아트쥬얼리,0,"시청로 84, 1동 502호 (선원동, 금호아파트)1동 502호"
여천동,마트,슈퍼센터,684-3839,"성산로 3-1, 1층 (화장동)1층"
여천동,음식/카페,대수식당,061-681-2292,성산6길 32 (화장동)
여천동,음식/카페,소문난 밥집,061-684-4171,성산4길 5-2 (화장동)
여천동,문구,알파 무선죽림점,061-651-1112,화산로 51 (화장동)
여천동,레저/취미,요니의 작업실,,"선원4길 71, 상가동 1층 103호(선원동, 우미이노스빌)"
여천동,식품/청과,미소청과,061-683-8866,무선중앙로 70 (선원동)
월호동,음식/카페,맘(Mom),642-0666,신월로 616(신월동)
월호동,음식/카페,어촌마을,644-3377,"신월5길 38, 상가101호(신월동, 금성휴먼터치빌)"
월호동,마트,DC마트(신월점),652-3195, 신월로 599 (신월동)
월호동,음식/카페,늘푸른분식,643-0177, 신월로 591 (신월동)
월호동,음식/카페,정담,641-9233, 신월로 611 (신월동)
월호동,음식/카페,미스터보쌈,642-5379," 신월로 594, (신월동, 3층)"
월호동,마트,㈜와이마트,641-7002,신월로 599(신월동)
월호동,주유/가스,세영주유소,642-8680," 신월로 496, (신월동)"
월호동,인테리어,LEE가구백화점,663-2687," 신월로 415, (신월동)"
월호동,음식/카페,미림횟집,666-6677," 대경도길 2, (경호동)"
월호동,정육,신금호정육점,643-6999, 신월동 금호A상가
월호동,생활,금호클리닝,641-4321, 신월동 금호A상가
월호동,주유/가스,신월주유소,642-2517," 신월로 567, (신월동)"
월호동,마트,금호마트,643-0237,"신월로 553, 상가동 지하층 8호 (신월동)상가동 지하층 8호"
월호동,패션,리바이스언더웨어,692-5825,"시청동3길 13, 1-7호 (학동)"
월호동,식품/청과,대로수산,,"교동시장1길 23, 1층 (교동)1층"
율촌면,마트,코사마트율촌점,682-7078, 율촌면 동산개길 12
율촌면,식품/청과,빵꿉는집,686-0894, 율촌면 당머리길 6-1
율촌면,주유/가스,삼경주유소,683-6864, 율촌면 여순로 699
율촌면,마트,율촌중앙마트,683-6579, 율촌면 율촌로 83
율촌면,인테리어,율촌가구백화점,682-7116, 율촌면 여순로 784
율촌면,인테리어,새천년가구백화점,682-7883,(.) 율촌면 여순로 539
율촌면,이미용,현대이발관,682-7913, 율촌면 여순로 445-2
율촌면,주유/가스,대성주유소,682-7524, 율촌면 여순로 540-6
율촌면,주유/가스,여수공항LPG충전소,682-9990, 율촌면 여순로 514
율촌면,마트,율촌농협,685-7041, 율촌면 율촌로 100-1
주삼동,이미용,김윤희에스테틱,684-0042,좌수영로 682-26
주삼동,주유/가스,즐거운주유소,683-2200,시청로 171 (여천동)
주삼동,식품/청과,파리바게트(봉계점),681-8201,좌수영로 682-1(봉계동)
주삼동,음식/카페,영덕대중음식점,685-5538, 여수산단로 37-6(주삼동)
주삼동,이미용,허브콩순이다이어트,," 봉계대곡길 50, 상가203호(봉계동, 아주타운)"
주삼동,식품/청과,상큼한과일,692-2152," 봉계대곡길 50, 상가203호(봉계동, 아주타운)"
주삼동,음식/카페,천하일품,691-1877, 주동1길 41-1(주삼동)
주삼동,음식/카페,삼호반점,681-2757, 봉계4길 3(봉계동)
주삼동,음식/카페,청풍명월한우명가,685-7962,좌수영로 774-56 (봉계동)
주삼동,마트,열린마트,685-1401, 좌수영로 682-1(봉계동)
주삼동,주유/가스,공단주유소,681-0310 651-4512, 삼동로 104(주삼동)
주삼동,주유/가스,㈜대방주유소,691-5149," 좌수영로 841, (봉계동)"
주삼동,정육,예스마트정육,692-5425," 봉계대곡길 41-2, (봉계동)"
주삼동,음식/카페,삼대농원,683-8879," 오산길 18, (해산동)"
주삼동,마트,로얄마트,692-1110," 좌수영로 682-27, 107호 (봉계동, 단지내상가106.)"
주삼동,주유/가스,수달LPG충전소,682-4880," 좌수영로 1162, (주삼동)"
주삼동,주유/가스,삼부주유소,685-8251,해산1길 41 (해산동)
주삼동,주유/가스,남도주유소,684-2211," 삼동로 41, (주삼동)"
주삼동,문구,오피스,684-1129, 주삼동 100-1
주삼동,주유/가스,현대유조주유소,692-5270,좌수영로 1246 (해산동)
주삼동,마트,코리아마트,691-1190," 봉계대곡길 28, (봉계동)"
주삼동,마트,엑스포마트본점,691-8600, 봉계동 133-6 대광오투빌상가
주삼동,음식/카페,울엄니식당,691-2223, 주삼동 341-1
주삼동,주유/가스,주삼주유소,684-4777,(59631) 좌수영로 1140 (주삼동)
주삼동,주유/가스,여일주유소,683-5151,여수산단로 60(주삼동)
주삼동,주유/가스,삼부휴게소 및 주유소,685-0111,"(59609) 해산1길 41, . (해산동)."
주삼동,마트,(주)자연애마트,,"(59632) 좌수영로 682-23, 103호107호 (봉계동)103호107호"
주삼동,패션,소이,061-684-5786,쌍봉로 53 (학동)
주삼동,마트,(주)행복누리 여수지점,061-680-1108,여수산단2로 55 (화치동)
주삼동,주유/가스,엑스포 주유소,061-691-5008,좌수영로 1078 (주삼동)
중앙동,패션,살레와 여수점,666-0372,진남상가길 14-1(중앙동)
중앙동,건강,정관장교동점,665-2304,중앙로 60-1 (교동)
중앙동,패션,이동우패션,664-6368,통제영4길 16 (중앙동)
중앙동,패션,데상트여수점,666-3846,"통제영3길 11, . (교동)."
중앙동,패션,지센 여수점,662-6919,진남상가길 6 (중앙동)
중앙동,패션,코오롱패션 GGIO2여수점,664-1414,통제영3길 12-6 (교동)
중앙동,패션,강옥신발,662-6927,충무동 32-1 (교동)
중앙동,패션,LIST,662-3256,진남상가길 29-1 (교동)
중앙동,식품/청과,중도매인68호,,중앙로 92-1
중앙동,식품/청과,신흥수산,665-0227,중앙로 83 (중앙동)
중앙동,식품/청과,고흥건어물,642-5838,중앙로 22-2
중앙동,패션,트렉스타여수점,663-0231,중앙로 54 (교동)
중앙동,식품/청과,건어물중매인95호,663-6845, 이순신광장로 57(교동)
중앙동,패션,"엠에스존,선삼정여수점",665-1008,통제영3길 3(교동)
중앙동,마트,세인푸드마트,643-0155,중앙로 30(교동)
중앙동,패션,지후옷짱,,통제영5길 10-1(중앙동)
중앙동,정육,여객선고기마루정육식당,665-2480,이순신광장로 23(교동)
중앙동,패션,k2여수중앙점,666-0050,진남상가길 8(중앙동)
중앙동,패션,엘르여수대리점,663-6562, 통제영2길 9-1(교동)
중앙동,마트,산호초,641-1278, 남산로 60-21(남산동)
중앙동,식품/청과,대일상회,663-0197, 이순신광장로 47(교동)
중앙동,정육,청한우여수중앙점,662-7185, 중앙로 87-1(중앙동)
중앙동,패션,명동프라자,, 통제영2길 12-9(교동)
중앙동,패션,미스미스터여수점,662-6020, 중앙로 53-2(교동)
중앙동,패션,하얀집,," 중앙로 43, (교동)"
중앙동,정육,한우식품,662-5296," 하멜로 8, (고소동)"
중앙동,식품/청과,태창상회,664-7798, 선어시장길 19-1 (중앙동)
중앙동,패션,브니엘잡화,664-3343, 교동 400-33 제1호내제1층
중앙동,패션,여수라푸마,665-6500," 통제영3길 10-9, (교동)"
중앙동,식품/청과,대양상회,663-6467," 이순신광장로 47-1, (교동)"
중앙동,패션,TNGT여수점,663-1414," 진남상가길 24, (교동)"
중앙동,패션,트라이엄프엘르여수점,666-2900," 충무오거리길 21-1, (교동)"
중앙동,식품/청과,대아상회,663-1713," 이순신광장로 45, (교동)"
중앙동,식품/청과,대신상회,662-4293," 선어시장길 13-1, (중앙동)"
중앙동,패션,혼수방,662-7088,중앙로 43 (교동)
중앙동,식품/청과,돌산상회,662-2945," 선어시장길 9, (중앙동)"
중앙동,패션,네파여수중앙점,663-0011,
중앙동,패션,코코,070-7762-4452," 진남상가길 21-2, (교동)"
중앙동,식품/청과,사랑청과,663-1944," 교동시장4길 15-1, (교동)"
중앙동,패션,화신패션,662-5915," 중앙로 43, (교동)"
중앙동,패션,서울란제리,641-5376," 중앙로 43, (교동)"
중앙동,마트,대성상회,664-4006," 중앙로 43, (교동)"
중앙동,패션,미센스,662-4382, 진남상가길 14-2(중앙동)
중앙동,마트,보람마트,665-8200," 통제영3길 6, (교동)"
중앙동,마트,원마트동부점,666-0002," 동문로 36, (고소동)"
중앙동,식품/청과,삼미수산,666-1505," 이순신광장로 134, (중앙동)"
중앙동,패션,민들레수예,663-6735," 중앙로 43, (교동)"
중앙동,패션,CN여수점,665-0089," 진남상가길 12-1, (중앙동)"
중앙동,이미용,브니엘화장품,664-3343," 중앙로 43, (교동)"
중앙동,패션,나도미,662-0769," 중앙로 43, (교동)"
중앙동,이미용,스킨푸드,662-5101," 통제영4길 16-1, (중앙동)"
중앙동,식품/청과,여수청과상회,662-0051," 교동시장1길 11, (교동)"
중앙동,음식/카페,하임피자여수점,665-2555," 통제영5길 5, (중앙동)"
중앙동,마트,동부쇼핑,662-0512,중앙로 43 (교동)
중앙동,패션,여수비비안,663-7895," 진남상가길 41-2, (교동)"
중앙동,식품/청과,영광상사(중앙선어시장),663-9800," 이순신광장로 99, (중앙동)"
중앙동,패션,다듬이생활한복,666-1910," 중앙로 43, (교동)"
중앙동,패션,앙드레김,663-6777," 중앙로 43, (교동)"
중앙동,교육/도서,대양서림 교동점,662-2111," 진남상가길 24, (교동)"
중앙동,패션,필라여수점,666-1268," 통제영4길 10, (중앙동)"
중앙동,정육,농가축산정육도소매센터,666-2806," 교동시장2길 2, (교동)"
중앙동,패션,나이키여수여천대리점,662-3014,진남상가길27-1(교동)
중앙동,생활,명동보석,664-5753," 진남상가길 33-11, (교동)"
중앙동,패션,이엑스알,665-2860," 통제영3길 12-4, (교동)"
중앙동,패션,예스 여수교동점,652-5505," 통제영3길 9, (교동)"
중앙동,패션,LG패션여수대리점,662-3825," 교동북2길 3, (교동)"
중앙동,패션,여수탱커스,666-5800," 통제영2길 12-13, (교동)"
중앙동,패션,노스페이스 여수점,666-1100," 교동북1길 1, (교동)"
중앙동,식품/청과,삼해상회(중매인142호),663-5925," 이순신광장로 29, (교동)"
중앙동,공구/페인트,한국건재,663-2120," 충무로 38-9, (교동)"
중앙동,패션,비버리힐스폴로클럽,662-4666," 진남상가길 1, (중앙동)"
중앙동,패션,미진슈즈,663-4257," 중앙로 56, (교동)"
중앙동,식품/청과,디하수산,666-5252," 동문로 34, (고소동)"
중앙동,패션,로엠,663-0736," 진남상가길 41, (교동)"
중앙동,패션,프로스펙스,662-1130," 통제영3길 10-6, (교동)"
중앙동,마트,한신마트,663-3457, 고소동 한신A상가
중앙동,패션,뉴발란스,662-6600," 진남상가길 24-1, (교동)"
중앙동,패션,신부들의 집,664-2668,중앙로 43 (교동)
중앙동,음식/카페,파리바게뜨(중앙점),663-4800," 동문로 7, (중앙동)"
중앙동,패션,한나란제리,664-6548, 교동 400 중앙쇼핑내
중앙동,패션,흥일상회,663-7478," 이순신광장로 12, (교동)"
중앙동,레저/취미,복권나라,666-9303," 중앙로 64-1, (교동)"
중앙동,전자제품,엘지대리점동진상사,662-2557," 중앙로 66, (중앙동)"
중앙동,생활,화니그릇백화점,664-1877," 중앙로 48-3, (교동)"
중앙동,패션,씨,664-0446," 진남상가길 29-2, (교동)"
중앙동,패션,NII,664-0855," 진남상가길 30-1, (교동)"
중앙동,생활,반도안경콘텍트백화점,662-6130," 중앙로 65, (중앙동)"
중앙동,마트,제일상사,663-4502," 교동시장2길 10, (교동)"
중앙동,음식/카페,대성식당,663-0745," 교동남1길 5-9, (교동)"
중앙동,마트,자유시간,663-9245," 통제영4길 8, (중앙동)"
중앙동,패션,형제가방,663-8915," 중앙로 61-2, (교동)"
중앙동,패션,랜드로바,662-2583," 중앙로 55, (교동)"
중앙동,공구/페인트,우진건설,662-0337," 고소6길 2-20, (고소동)"
중앙동,음식/카페,풍산식당,662-8697," 중앙로 72-26, (중앙동)"
중앙동,음식/카페,구백식당,662-0900," 여객선터미널길 18, (교동)"
중앙동,패션,제일상회,662-5583,중앙로 43 (교동)
중앙동,패션,옥희란제리,662-0777,중앙로 43 (교동)
중앙동,음식/카페,사시사철,666-1445," 교동남1길 5-11, (교동)"
중앙동,식품/청과,대한얼음,662-0275," 선어시장길 10, (중앙동)"
중앙동,식품/청과,여수농산물상회,663-1931," 교동시장3길 13-2, (교동)"
중앙동,생활,금호당,664-8900," 충무오거리길 19-1, (교동)"
중앙동,식품/청과,부산상회,644-7318," 이순신광장로 65, (중앙동)"
중앙동,식품/청과,우정물산,662-2789," 고소3길 25, (고소동)"
중앙동,식품/청과,속초상회,662-1135," 여객선터미널길 7, (교동)"
중앙동,식품/청과,삼부상회,663-4718," 이순신광장로 31, (교동)"
중앙동,식품/청과,삼산물산,665-3380," 이순신광장로 33-1, (교동)"
중앙동,식품/청과,해남상사,666-1751," 이순신광장로 35-1, (교동)"
중앙동,식품/청과,동원상회,663-2629," 이순신광장로 55-1, (교동)"
중앙동,식품/청과,신영상회,662-6542," 이순신광장로 49-1, (교동)"
중앙동,식품/청과,동현상회,663-6557," 이순신광장로 51, (교동)"
중앙동,식품/청과,일성상회,663-2343,이순신광장로 53 (교동)
중앙동,식품/청과,영진상회,663-2163," 이순신광장로 55, (교동)"
중앙동,식품/청과,신진상회,663-4649,이순신광장로 49-2  (교동)
중앙동,식품/청과,전일상회,663-0914,교동남2길 16 (교동)
중앙동,식품/청과,동익상회,662-5134," 교동남2길 14, (교동)"
중앙동,식품/청과,대광상회,663-5900," 이순신광장로 39, (교동)"
중앙동,음식/카페,이학식당,662-1661," 통제영1길 10, (교동)"
중앙동,패션,독립문PAT,662-7350," 진남상가길 20, (교동)"
중앙동,음식/카페,모범식당,664-7770," 교동남1길 5-13, (교동)"
중앙동,마트,농협여수시지부,662-7121," 중앙로 49, (교동)"
중앙동,식품/청과,진영상회,663-3059," 여객선터미널길 24, (교동)"
중앙동,식품/청과,보람상회,666-1339," 교동시장1길 31-3, (교동)"
중앙동,식품/청과,수영상회,663-2354,이순신광장로 53 (교동)
중앙동,전자제품,대원전자,664-8957," 이순신광장로 11-1, (교동)"
중앙동,음식/카페,대전주식당,662-8989," 충무로 38-4, (교동)"
중앙동,생활,제일화원,662-7014," 중앙로 73, (중앙동)"
중앙동,생활,푸른화원,662-0079," 중앙로 77, (중앙동)"
중앙동,생활,중앙카센터,665-8885," 하멜로 22, (고소동)"
중앙동,이미용,MR장컷팅클럽,663-5953,진남상가길 30-1 (교동)
중앙동,이미용,보떼교동점,663-9941," 진남상가길 39-2, (교동)"
중앙동,마트,금광상회,666-8141," 이순신광장로 29, (교동)"
중앙동,생활,활천저울유리,664-7373," 중앙로 73, (중앙동)"
중앙동,음식/카페,복춘식당,662-5260," 교동남1길 5-8, (교동)"
중앙동,패션,케이스위스,663-5555," 진남상가길 39-4, (교동)"
중앙동,음식/카페,삼복식당,662-8017," 중앙1길 6, (중앙동)"
중앙동,마트,중앙마트,665-7191," 중앙1길 31, (중앙동)"
중앙동,식품/청과,남흥미곡,663-6670," 교동시장7길 2-1, (교동)"
중앙동,음식/카페,칠공주식당,663-1580," 교동시장2길 13-3, (교동)"
중앙동,생활,꽃동네화원,666-6600," 중앙로 71, (중앙동)"
중앙동,마트,해진상회,664-6485,이순신광장로 39 (교동)
중앙동,마트,흥진상사,663-2158," 이순신광장로 49, (교동)"
중앙동,음식/카페,보스톤그릴,664-4832," 진남상가길 39-4, (교동)"
중앙동,패션,이사베이,663-4934," 진남상가길 3, (중앙동)"
중앙동,생활,물벼락만화,663-3311, 중앙동 354
중앙동,패션,짝발,663-4932," 진남상가길 8-1, (중앙동)"
중앙동,패션,그린조이,662-2255,"(.) 진남상가길 22-1, (교동)"
중앙동,생활,칠보당,662-9817," 진남상가길 21, (교동)"
중앙동,패션,코오롱스포츠,662-7319," 통제영3길 12-7, (교동)"
중앙동,패션,웰메이드(여수점),663-4606," 진남상가길 21-1, (교동)"
중앙동,패션,슈페리어,662-7255," 진남상가길 19, (교동)"
중앙동,패션,꼼빠니아,662-7300," 교동북1길 2, (교동)"
중앙동,패션,센터폴여수점,665-6611," 진남상가길 15-1, (교동)"
중앙동,패션,유엔마크사,662-5353," 동문로 7-1, (중앙동)"
중앙동,패션,중앙체육사,662-7234," 동문로 5-1, (중앙동)"
중앙동,패션,이새,665-3846,"진남상가길 15, 1층 (교동)1층"
중앙동,패션,크로커다일 여수,665-2860,"통제영3길 12-4, . (교동)"
중앙동,패션,언더아머(여수),661-0333,"통제영3길 12-15, 1층 (교동)1층"
중앙동,생활,천일상사,663-7090,"여객선터미널길 8-1, . (교동)."
중앙동,패션,조이너스여수점,662-0222," 진남상가길 15, . (교동)."
중앙동,패션,노스페이스 화이트라벨 여수점,665-8254,"통제영4길 9-1, . (교동)."
중앙동,패션,동일라코,663-8111,진남상가길 33-9 (교동)
중앙동,패션,호유주식회사,662-7250,진남상가길 16 (중앙동)
중앙동,패션,store(스토어),666-2588,진남상가길 10-1 (중앙동)
중앙동,정육,한우잡는날,061-666-1404,"중앙로 48-2, 한우잡는날 (교동)한우잡는날"
중앙동,음식/카페,한주식당,061-662-5524,통제영4길 6-9 (중앙동)
중앙동,패션,루이까스텔 여수점,061-665-7700,통제영4길 10-2 (중앙동)
중앙동,패션,내셔널 지오그래픽(여수점),061-921-5787,통제영3길 10-9 (교동)
중앙동,패션,MS.9,061-662-4543,진남상가길 8-2 (중앙동)
중앙동,패션,샤트렌,,진남상가길 27 (교동)
중앙동,패션,TBJ여수점,061-666-3003,진남상가길 20-1 (교동)
충무동,마트,신명마트,665-2333,"충무로 62-2 (충무동, 조은빌딩 1층)"
충무동,생활,새마을비니루,642-7852,연등 6길 42
충무동,전자제품,귀뚜라미보일러,663-2628,좌수영로 96(연등동)
충무동,생활,범양한국냉동공조,664-3717,좌수영로 100(연등동)
충무동,식품/청과,고운반찬점,665-9117,연등1길 24(연등동)
충무동,이미용,수희미용실,,연등1길 31(연등동)
충무동,마트,우리상회,663-4846,연등1길 131(연등동)
충무동,공구/페인트,동일호스,663-6588,좌수영로 92(연등동)
충무동,패션,우미스포츠,662-3774,좌수영로 90(연등동)
충무동,식품/청과,서정얼음,663-2853, 충무5길 3-2 (충무동)
충무동,마트,신명마트,665-2333, 충무로 62-2 (충무동)
충무동,문구,서울완구사,662-5055, 통제영1길 5-3 (충무동)
충무동,마트,연등슈퍼,663-6466, 좌수영로 94-1 (연등동)
충무동,생활,현대영상,664-3271, 연등1길 20 (연등동)
충무동,마트,잡화상회,663-5891, 충무연등천길 2(충무동)
충무동,식품/청과,중앙청과37호,662-2737," 충무3길 13-1, (충무동)"
충무동,패션,푸마바디교동점,666-1925," 진남상가길 47-2, (충무동)"
충무동,패션,마르니,666-3837," 충무로 64, (충무동)"
충무동,패션,올포유여수점,662-1767," 충무로 52, (충무동)"
충무동,패션,KT (나이키)스포츠,654-3569," 진남상가길 47, (충무동)"
충무동,패션,유니온베이,663-0030," 진남상가길 40-2, (충무동)"
충무동,이미용,밸리,662-0386," 진남상가길 46-1, (충무동)"
충무동,이미용,아르마포미,666-0004," 충무로 62-1, (충무동)"
충무동,패션,연지곤지주단,664-2731," 통제영1길 5-2, (충무동)"
충무동,생활,충무동님프만,663-7430," 통제영1길 5, (충무동)"
충무동,생활,성광판유리상사,642-7696," 연등7길 47, (연등동)"
충무동,패션,아날도바시니,663-1070," 충무1길 2, (충무동)"
충무동,패션,콜핑,662-0219," 충무1길 3-1, (충무동)"
충무동,생활,형제인쇄소,662-7191,좌수영로 96 (연등동)
충무동,음식/카페,소라식당,663-0912," 충무4길 6-1, (충무동)"
충무동,생활,연충사세탁소,663-1550," 충무로 87, (충무동)"
충무동,인테리어,가보퍼니처,664-2573," 충무3길 14, (충무동)"
충무동,인테리어,세종가구,663-6988," 충무3길 5-1, (충무동)"
충무동,인테리어,동서가구,663-5904," 충무로 59, (충무동)"
충무동,음식/카페,유리반점,664-5706," 충무3길 5-1, (충무동)"
충무동,인테리어,미성가구,663-2992," 충무1길 10-7, (충무동)"
충무동,인테리어,데코라인가구,665-7345, 충무동 414-3
충무동,인테리어,하나로부엌씽크대,662-3463," 충무3길 13-1, (충무동)"
충무동,마트,무궁화상회,663-2914," 충무연등천길 6-1, (충무동)"
충무동,생활,돌핀스악세사리,663-0357," 충무연등천길 6-1, (충무동)"
충무동,음식/카페,해촌산장어숯불구이,666-3092," 충무로 76, (충무동)"
충무동,음식/카페,신화루,663-5200," 충무5길 10, (충무동)"
충무동,패션,김진주고전의상실,664-2522, 충무동 403
충무동,마트,진호슈퍼,662-5540," 충무로 87, (충무동)"
충무동,마트,성림상회,663-5783," 충무연등천길 6-1, (충무동)"
충무동,식품/청과,삼일방앗간,663-2814,충무3길 13 (충무동)
충무동,음식/카페,㈜동원,663-4395," 중앙로 21, (충무동)"
충무동,생활,한양민속불기사,663-4226," 진남로 30, (충무동)"
충무동,생활,한일유리,663-4658," 좌수영로 102, (연등동)"
충무동,생활,동성자동차공업사,663-2222," 연등8길 23, (연등동)"
충무동,주유/가스,동화가스충전소,642-6954," 좌수영로 196, (연등동)"
충무동,마트,국제유통,643-1905," 연등6길 14, (연등동)"
충무동,생활,대창밧데리,641-3382," 좌수영로 91, (연등동)"
충무동,이미용,금강미용실,666-3011," 연등1길 23-2, (연등동)"
충무동,교육/도서,홍지서림,666-0547,충무1길 5-1 (충무동)
충무동,주유/가스,선경주유소,643-8058," 좌수영로 99, (연등동)"
충무동,생활,한독안경원,663-6963," 중앙로 31, (충무동)"
충무동,생활,뽀빠이포토,664-5999," 충무로 57, (충무동)"
충무동,생활,언제나예식장,664-5999," 충무로 57, (충무동)"
충무동,패션,동아상사BYC,663-0783," 중앙로 39, (충무동)"
충무동,이미용,우등이용원,641-3565," 연등7길 40, (연등동)"
충무동,정육,태창정육점,641-3452," 연등6길 18, (연등동)"
충무동,문구,삼성당,663-4428," 충무오거리길 11, (충무동)"
충무동,생활,안경본가,663-0909," 충무로 56, (충무동)"
충무동,음식/카페,해태식당,662-9838," 충무4길 5-3, (충무동)"
충무동,마트,가자주류백화점,665-6789," 충무로 55, (충무동)"
충무동,마트,여수농협충무지점,663-7831," 충무3길 15-2, (충무동)"
충무동,생활,백금당,663-7645," 진남상가길 47, (충무동)"
충무동,패션,아식스,6625782," 충무1길 8-1, (충무동)"
충무동,주유/가스,노란주유소,643-2626," 좌수영로 166, (연등동)"
충무동,건강,현대건강원,,"충무연등천길 16, 현대건강원 (충무동)"
충무동,음식/카페,밥도둑,061-662-2061,충무오거리길 12-1 (충무동)
충무동,음식/카페,음식천국,061-664-6180,충무로 54-9 (충무동)
한려동,생활,신항사,662-7787,수정3길 6(수정동)
한려동,마트,나눔녹색가게,663-7772,충민로 272(공화동)
한려동,음식/카페,신고흥식당,665-3854,동문로 125-2(공화동)
한려동,음식/카페,화물식당,666-3459,수정6길 6(수정동)
한려동,마트,제이마트,663-8115," 수정3길 12, (수정동)"
한려동,마트,DC백화점,665-2552," 동문로 123, (공화동)"
한려동,마트,한양슈퍼,662-7478," 오동도로 76-1, (수정동)"
한려동,생활,금화사진관,664-6192,충민로 280-1 (공화동)
한려동,음식/카페,대경식당,665-2030," 공화남1길 2, (공화동)"
한려동,음식/카페,녹원갈비,665-8729," 공화남3길 22-1, (공화동)"
한려동,식품/청과,원조돌산갓김치,663-3977," 오동도로 96, (수정동)"
한려동,생활,(주)대명레저산업 호텔엠블 여수,061-660-5605,"오동도로 111, 엠블호텔 (수정동)엠블호텔"
화양면,주유/가스,세일주유소,686-5151,화양면 화양로 327
화양면,주유/가스,장군주유소,684-6565,화양면 화양로 1099-8
화양면,음식/카페,토박이국밥,683-6393,화양면 화양로 1389
화양면,공구/페인트,화양건재,682-8000,화양면 화양로 1393-1
화양면,마트,대성푸른마트,682-6027,화양면 나진길 11
화양면,생활,화양농약사,682-6006, 화양면 나진길 14-6
화양면,음식/카페,화양가든,683-6166, 화양면 화양로 1496
화양면,건강,대우건강원,682-8000, 화양면 나진길 18
화양면,음식/카페,성화굴구이,686-5008, 화양면 장수로 371-19
화양면,음식/카페,감도횟집,685-3166, 화양면 잉기미길 19-14
화양면,생활,풍년농약사,683-6336, 화양면 나진리 760-4
화양면,마트,여천농협화동지점,682-6606, 화양면 화동로 148
화양면,마트,여천농협화양지점,682-6104, 화양면 나진길 14
화양면,마트,중앙상회,682-6038, 화양면 나진길 12-1
화양면,음식/카페,청하가든,682-6339, 화양면 참새미길 70
화양면,음식/카페,전망가든,683-6212, 화양면 참새미길 133
화양면,음식/카페,화양식당,682-6007, 화양면 나진리 432-1
화양면,음식/카페,숲속에둥지횟집,685-7535, 화양면 장수로 532
화양면,음식/카페,당두가든,685-0410, 화양면 세포당머리길 28-18
화양면,주유/가스,화양주유소,683-6488, 화양면 화양로 1496
화정면,마트,여수농협화정지소(개도),666-8610, 화정면 개도화산길 40
화정면,마트,여수농협화정지소,685-4210, 화정면 백야해안길 65
화정면,마트,여수농협낭도지소,665-4887, 화정면 여산길 60
화정면,마트,남진슈퍼,665-8074, 화정면 개도화산2길 11
화정면,마트,대식슈퍼,666-8611, 화정면 개도화산2길 3-6
화정면,마트,화정슈퍼,666-8730, 화정면 개도화산길 40
화정면,음식/카페,화정식당,685-8045, 화정면 백야리 89-6
화정면,음식/카페,백야휴게소,061-684-6669,화정면 백야해안길 79
화정면,음식/카페,섬마을이야기,061-654-9177,화정면 백야해안길 73
화정면,음식/카페,백야도특산품판매장,061-686-7228,화정면 백야해안길 67-1
